tt0000643,Barbara Fritchie: The Story of Forgotten Woman
tt0000643,Barbara Fritchie: The Story of Patriotic American Woman
tt0002663,Barney Oldfield's Race for Life
tt0024854,"Baby, Take Bow"
tt0034487,Baby Wants Bottleship
tt0045992,Bad Man with Gun
tt0052600,Ballad of Soldier
tt0056848,Ballad for Hoodlum
tt0060339,Ballad of Bounty Hunter
tt0074715,Baby Needs New Pair of Shoes
tt0149762,Baby Wants Battle
tt0155732,Ballad of Gunfighter
tt0197266,Ballets with Twist
tt0212789,Bad English I: Tales of Son of Brit
tt0229233,Baobab: Portrait of Tree
tt0250230,Baby Feeding Kitten
tt0252916,Babies Playing on Hot Day
tt0284877,Backwards Birth of Nation
tt0326459,Barbara Walters: Interviews of Lifetime
tt0335973,"Baldy Belmont, Almost Hero"
tt0335973,"Baldy Belmont, Nearly Hero"
tt0335976,Baldy Belmont Lands Society Job
tt0335977,Baldy Belmont Picks Peach
tt0335978,Baldy Belmont Wanted Wife
tt0335981,Baldy Belmont as Roman Gladiator
tt0335982,Baldy Is Wise Old Bird
tt0337577,Bad Day for Tow
tt0375574,Baby in Rage
tt0390870,Bad Liver & Broken Heart
tt0403865,Bang or Whimper
tt0411152,Bark Like Dog
tt0416501,Barefoot and Without Hat
tt0435845,Batty Bill Wins Baby
tt0453343,Based on True Story: The Making of 'Monster'
tt0454785,Based on True Story
tt0472050,Bart Got Room
tt0487150,Ballads Without Face
tt0498897,Basil Hears Noise
tt0512444,Barney Hosts Summit Meeting
tt0512445,Barney Mends Broken Heart
tt0560117,"Baby, I'm Star"
tt0583936,Ballad for Ghost
tt0586142,Battle for Soul
tt0601086,Bad Day for Bad Man
tt0601087,Bad Day for Thirst
tt0638072,Badge for Coward
tt0653045,Bats of Feather
tt0653463,Ballad for Blue Lady
tt0709492,Ballad for Blue Lady
tt0745754,Ballad for Bad Man
tt0756945,Bat with Golden Tongue/Mundane Voyage
tt0757017,Bart Gets Hit by Car
tt0784340,Bazooka Saw Sea Serpent
tt0809003,Banshee Bake Cherry Pie?
tt0832280,Ballad of Soldier
tt0856376,"Back to Back, Fight to the Death!"
tt0857302,BabyPro: Let's Make Splash!
tt0896558,Babysitting Without Net
tt1002687,Ballad of Killer
tt10125752,Bad Men from Melting Moon
tt10223934,"Baby, I'm Werewolf"
tt10436028,Bangkok Business Trip: Getting Taste of the Legendary Transsexual Lady Boy's AV Debut
tt10476196,Baby Bear Receives Package
tt1047717,Band in Bubble
tt10529958,Baseball Bat: Ballpark Bashin'--Six Weeks in Coma!
tt10554422,Baby You're Rich Girl
tt10562926,Bakersfield Boyfriend Trouble!/Double Lane-Change for Donut?!
tt10588776,Based on True Story
tt10666638,Batman: Requiem for Bat
tt1067147,"Bad Boy Bubby: Christ Kid, You're Weirdo"
tt11116214,Ballad of Blood Moon
tt11331800,Balkan Erotic Epic: Olivera Katarina Singing 'My People Sleep Deep and Lifeless Sleep'
tt1134545,Back for More: Clint Eastwood Remembers 'For Few Dollars More'
tt11546532,Baldwin with B
tt11585016,Ballad of Hustler
tt11851430,Ballad for Pierced Heart
tt1188332,Baby Bear Writes Story Called 'The 3 Astro Bears'
tt11883850,Baron von Brunk's Alice: LEGO Adventure in Wonderland
tt1201986,Barbara Mandrell: The Lady Is Champ
tt12099994,Barter for Grade
tt1215839,"Baseball, Grand Old Game"
tt12401904,Bailey Jay Needed Blowjob
tt1243990,Bachelor Party 2: Analysis of Stripper Fight
tt12584914,Based on True Fly
tt12597746,Based on True Story
tt12811396,Ballad of Black Mother
tt1285992,Baby Bear Forms Reading Club
tt12860538,Back to the 'Burgh 2: Pittsburgh gets Temple
tt12873252,Ballad of Fish
tt12935916,Back Home - A Tale of Warrior's Battle
tt1294976,Barely Chance
tt1305813,Based on True Story
tt13221218,Baby Bear and Telly have hard time saying goodbye
tt13287402,Barenaked Ladies: Pollywog in Bog
tt1329475,"Banff National Park, Trip Through the Great Playground of Canada"
tt13375470,Barkley Gets Bath
tt1353266,Baker Buys House: Part 1
tt1353267,Baker Buys House: Part 2
tt1355547,Barney: Once Upon Dino-Tale
tt13605772,Baby Python Eats Hopper Mouse
tt1360907,Babies' First Words and Day at the Races
tt13609874,Baby Python Eats Baby Rat
tt13612970,Baby Python Eats Fuzzy Rat
tt13623930,Baby Python Swallows Baby Quail
tt13696838,Based on True Story
tt13788234,Bang the Drum: The Life & Death of Small Town Music Scene
tt13843576,Ba Dunk Bounce 4
tt14017664,Bang Midget
tt1408488,Baker Saves Life
tt1482388,Bataan: The Making of Memory
tt1519210,Bart Gets 'Z'
tt1549574,Battlestar Galactica: ...And They Have Plan
tt1610301,Barbie in Mermaid Tale
tt1628206,Baby's Rock 'N' Roller
tt1653141,Baby Swallows Nickel
tt1817095,Baptizing Drunk
tt1869293,Barely Breath
tt1931384,"Baby, Take Bow"
tt1964613,Based on True Life
tt1966455,Based on True Story
tt1989735,"Baby, Did Bad Thing"
tt2078846,Based on Couple of True Stories
tt2197823,Barbie in Mermaid Tale 2
tt2231750,Based on True Story
tt2339375,Bats: You Can't Spell Bat Without A and B
tt2353831,Based on True Story
tt2398813,Baby Photo Fiasco/Wii Broke TV!
tt2404177,Based on True Story
tt2566136,Back Home: A Tale of Warrior's Battle
tt2602174,Batman: Hell in Handbasket
tt2646360,Ballad of Soldier
tt2776848,Batman and Blade
tt2780884,Bazinga! That's From TV Show
tt2862764,Bainport: Soul of City
tt3058224,Barely Legal Straight Students
tt3058270,Barely Legal Straight Students 2
tt3072124,Bad Night in Tough City
tt3153302,Baby Needs Black Cock
tt3321254,Barbie & Her Sisters in Pony Tale
tt3332622,Back Kicking Toddler?!
tt3344384,Babysitter's Slut 1
tt3349398,Baby Takes Ride Dominic's First Picnic
tt3599194,Bachelor Gets Baby and Other Things He Don't Want
tt3608252,Based on True Story
tt3661194,Bad Night on Small Planet
tt3783722,"Bashevis, Love Story"
tt3903772,Baby Takes Ride
tt3960410,Batman is Vampire
tt4025992,Based on True Story
tt4061070,BackStabbers: The Origin of Hitman
tt4134772,Baby Made Mess
tt4227250,Bay Saint Louis: A Small Town with Big History
tt4248110,Barely Getting By on Walmart Paycheck
tt4323546,Based on True Story
tt4786996,Bang MILF
tt4846194,Bareback Like Fox
tt5153504,Battle for White Apron: Part 1
tt5217166,Bat Gurl Sees Therapist: Removing Bad Thoughts
tt5335930,Bachelorette with Knife
tt5360792,Bagua Downtown Call
tt5461096,Bad Decisions with Transsexual
tt5587766,"Bach Star Cafe: A girl, dad... and some coffee."
tt5734202,Barefoot on Broken Mirror
tt5855500,Barber Takes Wife
tt5888384,Barbie & Her Sisters in Puppy Chase
tt5906062,Baton Creole Jambalaya on Stick
tt5955638,Backfire: How to Destroy Presidential Candidate
tt6264050,Bach Mai: I Had Home
tt6352502,Based on True Story
tt6356852,Baby Daddy Drama/Sisters Fight Over Puppy
tt7087376,Backstreet Boys: In World Like This
tt7349328,Babysitting Three Kids in Trench Coat
tt7481048,Bayje: Find Way
tt7592844,Band of Horses: Is There Ghost
tt7657944,BadBoxes: Like Star
tt7746926,Barney's Wall: Portrait of Game Changer
tt7885106,Based on Tree Story
tt7901314,Battling Over Pool in Texas
tt7956146,Baby Daddy Evicted by New Man
tt7958770,Band in Box
tt8016730,Battle Over Basement in Buffalo
tt8215254,Ballad of Righteous Merchant
tt8307400,Bachelor Party Hook-Up... with Man!
tt8333086,Bad Day: short film
tt8361552,Baboon Climbing Pole
tt8466120,Bacon and Dead Dog
tt8651924,Bad English: Heaven Is 4 Letter Word
tt8718240,Ballad of Flat Man
tt8741922,Based on True Story
tt8793848,Battlefields: The Life of Soldier
tt8922098,Baking Friendship: Santa's Sack Lunch
tt9059390,Baking Cookies for Witch's Funeral
tt9121556,Bad Day to Be Hero
tt9173062,Badge of Quitter
tt9217054,Barney's Once Upon Time
tt9228190,Barney: What World We Share
tt9258048,Bangkok Nights Vol.2 - Yuki GoGo
tt9332164,Basting Turkey with Gavin Leatherwood
tt9716428,Based on True Story
tt9770462,Bam & Rawls Grab Slice