tt0000173,Battle Santiago Bay
tt0000643,Barbara Fritchie: The Story a Forgotten Woman
tt0000643,Barbara Fritchie: The Story a Patriotic American Woman
tt0002049,Battle Pottsburg Bridge
tt0003654,Bandits the Border Mine
tt0003663,Battle Gettysgoat
tt0004849,Bad Buck Santa Ynez
tt0006393,Babette the Ballyhoo
tt0006400,Barriers Society
tt0007672,Back the Man
tt0007680,"Baree, Son Kazan"
tt0009906,Baseball: An Analysis Motion
tt0012923,Barriers Folly
tt0015600,"Baree, Son Kazan"
tt0015603,Barriers the Law
tt0019679,Battle Paris
tt0019815,Battle the Ladies
tt0024366,Badmen Nevada
tt0024856,Bachelor Arts
tt0024858,Badge Honor
tt0027308,Bad Men Arizona
tt0027335,Bars Hate
tt0027502,Bat Men Africa
tt0028390,Battle the Century
tt0028614,Battle Greed
tt0028978,Bad Man Harlem
tt0029347,Baby the Family
tt0029870,Battle City Hall
tt0029902,Battle Broadway
tt0031045,Battle Cry City Hall
tt0031842,Back Manilla
tt0032674,Bad Men Nevada
tt0032871,Battle the Giants
tt0033367,Bad Man Deadwood
tt0033369,Bad Men Missouri
tt0033370,Badlands Dakota
tt0033373,Ball Fire
tt0034489,Bad Men the Hills
tt0035662,Baptism Fire
tt0035907,Bad Man Sonora
tt0037525,Bandits the Badlands
tt0038320,Bad Men the Border
tt0038329,Barber Seville
tt0039173,Bandits Dark Canyon
tt0039900,Bad Men Thunder Gap
tt0041147,Badmen Tombstone
tt0041152,Bandit King Texas
tt0041153,Bandits El Dorado
tt0041153,Bandits Eldorado
tt0042390,Bandit King Oklahoma
tt0044237,Battle the Ages
tt0044400,Battles Chief Pontiac
tt0045539,Bandits Corsica
tt0045540,Bandits the West
tt0045827,Baptism Fire
tt0046755,Battle Rogue River
tt0048068,Barber Seville
tt0050159,Badlands Montana
tt0050166,Band Angels
tt0051050,Back Beyond
tt0051980,Ballad Narayama
tt0052311,Badge Evil
tt0052600,Ballad a Soldier
tt0052606,Battle the Coral Sea
tt0053632,Bandits Orgosolo
tt0054668,Baron Terror
tt0054950,Battle the Worlds
tt0056846,Bay Angels
tt0056846,Bay the Angels
tt0056888,Battle the Valiant
tt0057869,Band Outsiders
tt0058947,Battle the Bulge
tt0058995,Badmen the West
tt0059601,Ballad Death Valley
tt0060152,Bat Men Africa
tt0060339,Ballad a Bounty Hunter
tt0061962,Bad Men the West
tt0062711,Barbarella: Queen the Galaxy
tt0063102,Band Gold
tt0064580,Battle the Commandos
tt0064733,Battle the Japan Sea
tt0066333,Ballad Death Valley
tt0066549,Battle Waterloo
tt0067523,Battle Okinawa
tt0067656,Bay Blood
tt0068429,Ballad Billy Bullet
tt0068815,Baby Cart: Sword Vengeance
tt0069700,Battle the Amazons
tt0069768,Battle for the Planet the Apes
tt0069769,Battle Berlin
tt0070268,Bad Kids the West
tt0070445,Barn the Naked Dead
tt0070951,Battle the Godfathers
tt0071184,Back to the Planet the Apes
tt0072093,Backlash the Hunter
tt0074715,Baby Needs a New Pair Shoes
tt0075723,Battle Shaolin
tt0075881,Battle the Stars
tt0076124,Ballad Orin
tt0078832,Battle the Eagles
tt0088760,Baby: Secret the Lost Legend
tt0088767,Badge the Assassin
tt0090689,Ballad dog beach
tt0090693,Band the Hand
tt0091149,Basil Baker Street
tt0094709,Band Four
tt0099087,Back to Hannibal: The Return Tom Sawyer and Huckleberry Finn
tt0101390,Baby the Bride
tt0103754,Back to the Streets San Francisco
tt0104808,Badge Silence: Maniac Cop III
tt0106358,Barcelona '92: 16 Days Glory
tt0106364,Batman: Mask the Phantasm
tt0106364,Batman: Mask the Phantasm: The Animated Movie
tt0106364,Batman: The Animated Movie - Mask the Phantasm
tt0112439,Back Beyond
tt0115623,Baptism Thieves
tt0115633,Bastard Out Carolina
tt0120711,Babylon 5: Last the Fallen
tt0121094,Badge Fear
tt0122982,Babes the Bay
tt0122983,Babette in Return the Secret Society
tt0123431,Battle the Beast Women
tt0125002,Battle the Stars
tt0131910,Bad Mama Jama and the Fat Ladies the Evening
tt0131913,Bad Side Town
tt0131955,Battle the Glands
tt0131956,Battle the Stars 3: Stud Wars
tt0131957,Battle the Ultra Milkmaids
tt0138878,Babes Thunder
tt0139873,Baby Monitor: Sound Fear
tt0142245,Bardock: The Father Goku
tt0146247,Babylon 5: The River Souls
tt0149804,Barrier the Law
tt0149810,Battle the Barn
tt0149811,Battle the Porno Queens
tt0150811,Battle the Chairmanship
tt0155732,Ballad a Gunfighter
tt0157364,Battle the Guitars
tt0157365,Bawbs the Blue Ridge
tt0158483,Ballad the Nightingale
tt0160032,Battle Millenia
tt0161257,Battle the Superstars
tt0162876,Barn the Blood Llama
tt0164613,Ballad Death
tt0167785,Ballad Fire
tt0168492,Battle Blood Island
tt0174398,Balzac: A Life Passion
tt0177531,Battle the Bombs
tt0180494,Battle the Titans
tt0184245,Bahia All Saints
tt0185182,"Battle the Stars, Round 2: East vs. West"
tt0185906,Band Brothers
tt0188441,Battle the Sexes
tt0189378,Babylon Gold: The Best Cecil Howard
tt0191001,Battle Westlands
tt0194102,Bandit Lawless Valley
tt0196367,Battle Mashed Potato Mountain
tt0197367,Balls Thunder
tt0198321,"Bah, Humbug!: The Story Charles Dickens' 'A Christmas Carol'"
tt0212789,Bad English I: Tales a Son a Brit
tt0216564,"Battery B, Governor's Troop, State Pennsylvania"
tt0219532,Battle Guantanomo
tt0219533,Battle San Juan Hill
tt0219534,Battle San Juan Hill
tt0224640,Bamoon Masks Cameroon
tt0229233,Baobab: Portrait a Tree
tt0229238,Battle Manila Bay
tt0230026,Battle Mafeking
tt0233278,Backwards: The Riddle Dyslexia
tt0233298,Batman Beyond: Return the Joker
tt0241227,Battle El Caney
tt0241228,Battle Santiago
tt0242304,Battle for the Soul Russia
tt0250243,Bandits Death Valley
tt0252918,Baby the Family
tt0252924,Ballet the Ghosts
tt0258446,Battle the Sexes
tt0262267,"Battle Flag the 10th Pennsylvania Volunteers, Carried in the Philippines"
tt0270846,Baby Geniuses 2: Return the Super Babies
tt0272366,Battle the Sitcoms
tt0278969,Battlezone: Rise the Black Dogs
tt0280453,Babylon 5: The Legend the Rangers
tt0280453,Babylon 5: The Legend the Rangers: To Live and Die in Starlight
tt0281632,Ballad the Irish Horse
tt0282366,Baldur's Gate II: Throne Bhaal
tt0284876,Babyshakes & the Return Macdaddy
tt0284877,Backwards Birth a Nation
tt0290453,Batman Beyond: Return the Joker
tt0291558,"Baby Emma, Age 4, Baby Miami, Age 2, the Meier Family"
tt0292951,Bare Wench 2: Book Babes
tt0292954,Basketball Headliners 1951
tt0302292,Backbone the World: The Blackfeet
tt0305268,Band Pirates: Buccaneer Island
tt0305475,Baseball Tips for Kids All Ages
tt0307985,Backstage at 'The Sound Music'
tt0308001,Barbara Eden: Out the Bottle
tt0309342,Battle-Axe: The Making 'Strait-Jacket'
tt0310707,Ballad Tina Juarez
tt0312419,Ball Wax
tt0313120,Battle the Seasons: Hang Man
tt0313124,Bannertail: The Story Gray Squirrel
tt0313254,Barbie and the Rockers: Out This World
tt0313257,Bare Wench III: The Path the Wicked
tt0313257,Bare Wench: The Path the Wicked
tt0321388,Barry Manilow: The Best Me
tt0321394,Battle the Network Stars
tt0321395,Battle the Network Stars II
tt0321396,Battle the Network Stars III
tt0321397,Battle the Network Stars IV
tt0321398,Battle the Network Stars XII
tt0325161,Bank America Celebration Gold
tt0326459,Barbara Walters: Interviews a Lifetime
tt0332776,Barriers Fire
tt0337580,Battle the Network Stars XIII
tt0340003,Battle the Network Stars XIV
tt0346381,"Battle the Sexes: The Good, the Bad, and the Notorious"
tt0346561,Bad Girls 8: Prisoners Love
tt0346578,Batman: Mystery the Batwoman
tt0346579,Battle the Bulge
tt0346580,Battle the Network Stars IX
tt0346581,Battle the Network Stars XI
tt0346582,Battle the Network Stars XV
tt0348533,Battalion Artillery in Action
tt0348537,Band and Battalion the U.S. Indian School
tt0349131,Battle the Network Stars XVI
tt0353227,"Ballyhoo, Streets Cairo, Pan. Am. Exp."
tt0358982,Bantsuma - The Life Tsumasaburo Bando
tt0361336,Basketball Headliners 1954
tt0361339,Battle the Bulges
tt0364022,Battle the Champs
tt0368473,Battleground: The Art War
tt0374519,Bad Movie Police Case #1: Galaxy the Dinosaurs
tt0375590,Battle the Network Stars V
tt0375591,Battle the Network Stars VI
tt0375592,Battle the Network Stars X
tt0375593,Battle the Network Stars XIX
tt0375594,Battle the Network Stars XVII
tt0375595,Battle the Network Stars XVIII
tt0376504,Battle the Network Stars VII
tt0376505,Battle the Network Stars VIII
tt0383206,Barbie Swan Lake
tt0386315,Battle the Network Stars
tt0386669,Battle the Brave
tt0387776,Banner the Stars
tt0387776,Banner the Stars II
tt0389779,Balls Steel
tt0394156,Bachelor the Month
tt0397038,Bad Boy Made Good: The Revival George Antheil's 1924 Ballet MÃ©canique
tt0397071,Bazaar Bizarre: The Strange Case Serial Killer Bob Berdella
tt0405747,Battle Bladders
tt0407563,Bareknuckle Film Making: The Making Northfork
tt0415555,Bags Gold
tt0415589,Barriers Prejudice
tt0421293,Battlegrounds: King the World
tt0423849,Balto III: Wings Change
tt0423849,Balto: Wings Change
tt0424823,Balls Fury
tt0425767,Battle the Colossal Women
tt0426947,Bad Company: In Concert - Merchants Cool
tt0426949,Bald: The Making 'THX 1138'
tt0430914,Battle the Bottoms
tt0438781,Battle Confetti at the Nice Carnival
tt0438782,Battle Flowers at the Nice Carnival
tt0443891,Band Lovers
tt0446282,Baby Beethoven: Symphony Fun
tt0447854,Bambi and the Great Prince the Forest
tt0450979,Babs Johnson and the Cavalcade Perversion: An Exploration in Exploitation
tt0451645,Battle the Buttes
tt0452747,Back to Hoagy's Alley: The Making 'Top Cat'
tt0453343,Based on a True Story: The Making 'Monster'
tt0455913,Bastards the Party
tt0461907,Back in the Saddle: The Making 'City Slickers II'
tt0464364,Baldies Burgermeister Bungalow
tt0464367,Bayou the Blue Behemoth
tt0469026,Badlands 2005: The Brides Lizard Gulch
tt0469030,Batman: Revenge the Joker
tt0469640,Bathory: Countess Blood
tt0469731,Ball Talk: Baseball's Voices Summer
tt0472713,Battle Flags the 9th U.S. Infantry
tt0474553,Babyface: A Collection Hit Videos
tt0475185,Battle the Network Reality Stars
tt0475804,Battle the Superheroines
tt0476037,Battlegrounds: King the Court
tt0476521,Barney: The Land Make Believe
tt0480345,Barbie and the Magic Pegasus 3-D
tt0483563,Band Sisters
tt0485863,Battle the Warriors
tt0488491,Baby Einstein: Baby Shakespeare World Poetry
tt0488492,Baby Einstein: Baby Van Gogh World Colors
tt0488957,Ballet the Nations
tt0512103,Baptism Fire
tt0518821,Band Evil
tt0529503,Ballad the Ponderosa
tt0533815,Balance Terror
tt0534425,Battle the Bands
tt0535355,Battle the Bands
tt0537947,Battle the Bulls
tt0537949,Battle the Heavy Metal Headbangers
tt0539330,Battle the Hexes
tt0539698,Bar Wars III: The Return Tecumseh
tt0539702,Battle the Exes
tt0560979,Barry the Great St. Bernard: Part 1
tt0560980,Barry the Great St. Bernard: Part 2
tt0573897,Battle the Bands
tt0577705,Baby/Marathon: Battle the Sexes
tt0584104,Bachelor the Month
tt0600743,Bag Money/Principal Simmons
tt0603428,Bachelor the Year
tt0609073,Battle Waikiki
tt0611961,Battle the Planets
tt0619713,Battlefield Stardust
tt0639957,Battle the In-Laws
tt0647039,Badge Dishonor
tt0647040,Baseballs Death
tt0653045,Bats a Feather
tt0653462,Badge Honor
tt0679872,Baptism Fire
tt0681892,Battle the Bands
tt0696260,Barrier Silence
tt0696707,Base Operations
tt0698618,Bay Married Pigs
tt0708420,Balance Terror
tt0708852,Barge the Dead
tt0717952,Basil the Bulge
tt0732016,Band Angels
tt0742355,Barriers Sound
tt0743442,Badge Honor
tt0745600,Bartlet's Third State the Union
tt0760693,Battle for the Train Gold
tt0763026,Bart Darkness
tt0764446,Bad Dreams Are Made This
tt0768450,Barrel Bricks/Pissing on the Third Rail/Eel Skin Wallet
tt0777557,Battle the Sexists
tt0806927,Back the Shadows
tt0810766,Battles Saratoga
tt0832280,Ballad a Soldier
tt0847550,Battle Chemulpo Bay
tt0847837,Barely 18 #28: 4th July
tt0865592,Battle the Gridiron Stars
tt0877514,Ballad Two Girls from Botafogo
tt0879023,Baby the Family
tt0892864,Barely Legal Lesbian Vampires: The Curse Ed Wood!
tt0896519,Badge Courage: Police Officer the Year
tt0896520,Badge Courage: Police Officer the Year
tt0896521,Badge Courage: Police Officer the Year
tt0912574,Banished: How Whites Drove Blacks Out Town in America
tt0926657,Battle the Bulge
tt0928020,Bad Boys Summer
tt0929403,Bad Man Angle Trail
tt0934189,Battle the Bands
tt0938285,Battle the Wedding Singers
tt0955226,Barbarian II: Dungeons Drax
tt0962926,Battle the Dragons
tt0983831,Bazaars Cairo
tt1002687,Ballad a Killer
tt1007920,Barbie Fairytopia: Magic the Rainbow
tt10089856,Ballad the Bleeding Heart
tt10126504,Basin Tears
tt10143348,Battle Arnhem 1944
tt10197594,Barrel the Palm Trees
tt10229592,Bag Cats
tt1028351,Battle the Gods
tt10302926,Battle the Spouses
tt10341202,Bahram Beyzaie: A Mosaic Metaphors
tt10355632,"Bappi Lahiri, Music Legend India"
tt1038417,Battle the Sexes
tt1038418,Battle the Sexes: Part 2
tt10436028,Bangkok Business Trip: Getting a Taste the Legendary Transsexual Lady Boy's AV Debut
tt1044157,Balance Power
tt10472220,Bailee Moore: Life the Party
tt1049705,Bag Tricks
tt1050256,Backstreets Paris
tt10529798,Baseball Bat: The Erection Vincent's Hammer
tt1053806,Bali: Masterpiece the Gods
tt1054562,Baklava and the Meaning Life
tt10563956,BakosÃ³: AfroBeats Cuba
tt10571548,Backstage in Phoenix (The Beginning the End N.W.A.)
tt1059256,Barbie Swan Lake
tt10602338,Badge Honor
tt10628690,Band Deaf
tt10665554,Back House
tt10698566,Battle the Planets
tt1070914,Barry Benepe: Person the Week
tt10731240,Baton Rouge: The summer 2016
tt10747100,Ballad the Late Night Blues
tt1080542,Battle at the Entrance Harbor Chemulpo
tt10832780,Balls Glory
tt1087430,Backwoods 2: The Revenge Caleb
tt10875158,Battle the Bosoms
tt10904656,Batboy: Knight Terror
tt10910418,Bastards Young
tt1094678,Battle the Hollywood Hotties
tt1095217,Bad Lieutenant: Port Call New Orleans
tt10964714,Battle the Christmas Movie Stars
tt10968530,Battle the Fittest Couples
tt10978866,Band Others
tt10994552,Battle the Sexes Finale
tt11009956,Background 101: The Do's and Don'ts Working in the Industry
tt11037290,Bank America Roval 400
tt11083188,Battle the Giants
tt11116214,Ballad a Blood Moon
tt11126756,Ball Twine (Kansas) - Part 3
tt11127328,Ballad the Nice Guy
tt11241796,BattleTech: A Game Armored Combat
tt11280096,Balance the Force
tt11284602,Baseball: The Golden Age America's Game
tt11300458,Battle the Bulge 6
tt11327980,Balkan Erotic Epic: Group Men Copulating with the Earth
tt11332628,Batman Beyond: Return the Joker
tt1134546,Balls Steel
tt11347762,Batman: The Death Robin
tt11382644,Ball Twine (Kansas) - Part 2
tt11393026,Banksy and the Rise Outlaw Art
tt11505710,Battle the East
tt11518972,Battle the Bottoms 8
tt11585016,Ballad a Hustler
tt11608430,Barrel Full Magic: The Beethoven Story
tt11614084,"Basement Dweller, Do Not Resuscitate and Children the Barn"
tt11634288,Battle Little Bighorn
tt1163745,Banquet Melody
tt1167421,Basketball Headliners 1948
tt1167422,Basketball Headliners 1949
tt1167426,Battle the Atlantic
tt1172504,Battle the Sexes: Making the Band 4 First Look
tt1172950,Ballet Bullets: Making 'Shoot 'em Up'
tt11749856,Baseball: The History America's Most Beloved Pastime
tt11937652,Batman: Dawn Fear
tt1194602,Battle the Bulge
tt11968250,Battlefield 1 vs. Call Duty: Infinite Warfare
tt12002064,Battle the Squirters
tt12002072,Battle the Squirters 2
tt1200818,Battlefields the Pacific
tt1201989,Battle the Bands
tt1201990,Battle the Video Games
tt12024410,Bane Existence
tt12099856,Barrio Mansion
tt12103378,Barry McGuire: Eve Destruction
tt12104744,Battle Wits
tt1212452,Bag Bones
tt12158092,Baltimore: Anatomy an Uprising
tt1217246,Basketball Headliners 1950
tt12174570,Ball Twine (Kansas) - Part 1
tt12190566,Batman - 80 Years the Dark Knight (DCAU)
tt1219316,"Basil Bunting, Poet Northumberland"
tt12266030,Battle the Bands
tt12333032,Battles That Changed the World: The Battle New Orleans
tt12350618,Ballad an Unsung Hero
tt1243990,Bachelor Party 2: Analysis a Stripper Fight
tt12459878,Battle the Ultra Milkmaids #5
tt12459878,Battle the Ultra Milkmaids 5
tt1247360,Battle the Hogtied Maids
tt12479410,Basket Fruit
tt1248894,Battle the Flying Tigers
tt12544006,Bag Tricks
tt12586888,Basics Wildlife Trail Cameras with Bob Bush
tt1260562,Bachelor Party in the Bungalow the Damned
tt12627672,Battlefronts World War II
tt12631030,Battle the Bulge: Winter War
tt1264070,Ballad Broken Angels: Harmony
tt1264955,Back to the Farm: The Making 'Splatter Farm'
tt12649608,Ballin' in the Fall America
tt1265589,Batman Unmasked: The Psychology the Dark Knight
tt12663912,Battle the Brick: Built for Combat
tt1268936,Balls Out: The Making 'Balls Fury'
tt12690818,Ballads the Revelation
tt12768422,Bay Window: Heart the Game
tt1277506,Battle the Bods
tt12811396,Ballad a Black Mother
tt12860898,Batman: Dawn the Knight
tt12873252,Ballad a Fish
tt12885852,Batman: Soul the Dragon
tt12906296,Baby Einstein: World Rhythm
tt12935916,Back Home - A Tale a Warrior's Battle
tt1295070,Baddest the Bands
tt12963964,Babies the Zoo
tt1304570,Band the Sand: Actors Unite
tt13131706,"Back to the Charm Edinburgh, Scotland"
tt13224844,Ballads the Exodus
tt13229970,Bar'd: The Prison Diaries Edwin Drake
tt1325526,Bag Tricks
tt13274982,Battlefield the Mind 2
tt1329475,"Banff National Park, a Trip Through the Great Playground Canada"
tt13315334,Bands Enchantment
tt1333980,Barack Obama: The Power Change
tt1338724,Battlestar Galactica: The Face the Enemy
tt1348780,Bananas Over Hefty/The Smurfs the Round Table
tt1351097,Battle the Album Covers
tt13522134,Bank America Roval 400
tt13576492,Baracka Flacka Flames: Head the State
tt1360267,Battle Midway
tt1360268,Battle the Bulge
tt1362173,"Bards Fantasia: Tour Musical, Mythical Britain in 39 Animated Minutes"
tt13635212,Back Alley Nurseries: Sex Workers BogotÃ¡
tt13649282,Baba Wain: A Musical Note in the Key Beauty
tt13653632,Baron Porkchop's Terrifying Tales the Macabre!
tt13654686,Band Souls feat. Yaniv Kaminski: Should've Been Better
tt1370832,Backstage: The Intelligent Design Jenny Chow
tt1370833,Barbarossa and the Towers Italy
tt13788234,Bang the Drum: The Life & Death a Small Town Music Scene
tt13804542,Battle the 80s Supercars with David Hasselhoff
tt1381530,Barbariana: Queen the Savages
tt13827766,Battle the Badlands
tt1387320,"Back to the Basics: The Story Luckenbach, Texas"
tt1387322,Baptism Fire
tt13911848,Bad Attitude: The Art Spain Rodriguez
tt13924078,Baruti Tucker: Tip the Finger
tt13942746,Band Pirates: Headhunter Island
tt13964376,Bay Cadiz
tt1399195,Battle the Bulges
tt1411652,Battle Soul
tt1413952,Ballad Blues
tt1422611,Battle the Beat
tt1422612,Battle the Las Vegas Show Girls
tt1424608,Barefoot and Pregnant with Feminist Ideology in the Misogynist Month November
tt1430738,Basics Basics
tt1433276,Battle Not Yet
tt1442010,Balkan Rhapsodies: 78 Measures War
tt1446204,Bare Essence Life
tt1448444,Battle the Asses
tt1450633,Back Door Channels: The Price Peace
tt1469250,Ballad Jackson
tt1482386,Bark the Tree
tt1482388,Bataan: The Making a Memory
tt1490559,"Bastard Orleans, or Looking for Joan"
tt1505823,Battle the Babes: Alektra Blue vs. Amy Ried
tt1509790,Baptism Solitude: A Tribute to Paul Bowles
tt1509845,Battle the Wedding Planners
tt1514371,Battle the Dancing Queens
tt1532958,Battle the Year
tt1532958,Battle the Year: The Dream Team
tt1537192,Babyface: A Portrait Harold Happel
tt1539159,Battle the Bulbs
tt1545019,Band Pirates: The Story Seton Hall's Magical Run to the 1989 NCAA Championship Game
tt1546138,Bank Hollywood
tt1569563,Bank Mom and Dad
tt1579325,Battle the Bedpan
tt1584782,Bam Margera Presents HIM: The Making 'And Love Said No'
tt1589981,Battle the Asses 2
tt1595611,Battle the Bands
tt1602033,Bandits the Egg
tt1614102,Back on Your Feet: The Benefits Hip Replacements
tt1624908,"Barbados and Trinidad, Gardens the Caribbean"
tt1626771,Battle the Evil-Doers!
tt1636428,Battlefields France
tt1641931,Bach the Antarctic
tt1641932,Bayou Country: A River Song
tt1646955,Back Nine at Cherry Hills: The Legends the 1960 U.S. Open
tt1655568,Band Bigfoot Lives
tt1665823,Battle the Wedding Designers
tt1666565,Banquet Blood
tt1686925,Battle History the Air Force
tt1686926,Battle History the U.S. Navy
tt1686927,Battle History the U.S. Army
tt1687852,Barney: The Best Barney
tt1707362,Battle the Supercars
tt1756057,Ball Fire
tt1758570,Battle Los Angeles
tt1764272,Band Horses: Dilly
tt1766366,Battle the Bands
tt1773300,Bazaar All Nations
tt1776817,Bareback Lady Boys Manila
tt1776818,Bareback Lady Boys Manila 2
tt1776819,Bareback Lady Boys Manila 3
tt1776820,Bareback Lady Boys Manila 4
tt1779348,Ballad the Whiskey Robber
tt1779992,Battle the Bulge
tt1817677,Ballet Unhatched Chicks
tt1820392,Balance Truth
tt1834809,Battle the Asses 3
tt1837509,Barnball: A Slice Americana
tt1839444,Ballad the Evil Fate
tt1842319,Batman Suburbia
tt1850482,Battle the Superheroes!
tt1858726,Babyface: The Making The Day
tt1861278,Band Mothers
tt1866100,Baby Mine
tt1869294,Bartitsu: The Lost Martial Art Sherlock Holmes
tt1885202,Banks the Vltava
tt1928992,Badge Honor
tt1949123,Barber Darktown
tt1959343,Batman: Secrets the Caped Crusader
tt1959361,Bandits the Atlas Gorges
tt1964520,Back the Mike
tt1968994,Battle the Butts: Naomi vs. Sarah Jay
tt1985349,Banners Glory
tt1989459,Battle the Drunks
tt2006065,Battle New Orleans
tt2006693,Battle the Badges: Road to the Championship
tt2032402,Ball Love
tt2033950,Band Ballers
tt2033954,Battle the Bootys
tt2046374,Battle the Century
tt2065882,Bardock: Father Goku Abridged
tt2069002,Band Drivers
tt2071412,Babies Wild Animals
tt2076804,"Barney Ross Chicago, in Defense His World's Championship Welterweight Title Against Henry Armstrong California, Featherweight Champion, Held at the Madison Square Garden Bowl, Long Island City, New York"
tt2078846,Based on a Couple True Stories
tt2082198,Battle the Sexes on Ice I
tt2082199,Battle the Sexes on Ice II
tt2082200,Battle the Sexes on Ice III
tt2083935,Basically Frightened: The Musical Madness Colonel Bruce Hampton
tt2087697,Battle the Sexes: Connors vs. Navratilova
tt2088784,Ballad Bear Boy
tt2097825,Bath Sacred Elephants
tt2117822,Battle the Butts: Ms. Cleo Vs. Cherokee
tt2117823,Battle the Butts: Roxy Vs Pinky
tt2122283,Bastards Young
tt2123149,Back to Back: The Story the 1993 Toronto Blue Jays
tt2147286,Backbone the Army
tt2150163,Baby Geniuses and the Mystery the Crown Jewels
tt2154366,Batman- Out Character
tt2180301,Baja: Edge Control
tt2184862,Battle History the U. S. Coast Guard
tt2188669,Baggage Wagons Li Hung Chang
tt2197246,Battle the Pacific
tt2205423,Bait and Switch: Terror and Tragedy Childhood Prostitution
tt2210463,Battle the Damned
tt2221615,Bay All Saints
tt2241033,Battle the Bands: Rock-a-bye Road II
tt2244852,Barf Brains: The Art Lomaho Kretzmann
tt2261299,Battle the Asses 4
tt2279994,Battle the Drumlines
tt2287238,Baby Geniuses and the Treasures Egypt
tt2290139,Back Into the Tunnels: The Making Mimic
tt2298261,Basic Instinct: A Touch Evil
tt2359341,Bart La Rue's The Ark Noah
tt2402547,Bagel Life
tt2405212,Band Sisters
tt2420800,Battle the Sects: The Innocence Christians
tt2450202,Bass Pro Shops: King Bucks
tt2459352,Battle the Seasons: Reunion
tt2462592,Ballad the Green Ape
tt2483834,Battle the Proxies
tt2495402,Battle the Superstars: John Holmes vs. Peter North
tt2495764,Batman: Legend Arkham City
tt2512170,Battle Haarlem
tt2526898,Battle the Undead
tt2564694,Baschet: The Transfiguration Daily Life
tt2566136,Back Home: A Tale a Warrior's Battle
tt2572480,Battlefield the Mind
tt2572512,Baron Blackwolf: Dogs God
tt2613874,Battle the Breasts
tt2622390,Bayou Maharajah: The Troubled Genius James Booker
tt2622968,Band Bandits: Say Yes
tt2631348,Barrel Love
tt2644714,Badges Fury
tt2646360,Ballad a Soldier
tt2662624,Baby Bear...Triangle Lover the Day?
tt2692590,Band Gold: The Invictus Story
tt2746262,Badge Dishonor (#3.73)
tt2761862,Battle the Asses 5
tt2853034,"Babylon Rising: 322, Tetrads and the Time Jacob's Trouble"
tt2862764,Bainport: Soul a City
tt2891476,Battles Prince Persia
tt2907908,Banner 4th July
tt2974664,Barbed Wire City: The Unauthorized Story Extreme Championship Wrestling
tt2975590,Batman v Superman: Dawn Justice
tt2975590,Batman versus Superman: Dawn Justice
tt2994262,Bandit and the Saints Dogwood
tt3010424,Battle the Bands at Club Tatou
tt3061100,Ballet Blood
tt3097828,Back from the Edge Life's Abyss
tt3146114,Batman Revealed 2: Shades Grey
tt3152978,Bames Jond: Quantum Shoelace
tt3208140,Bane Brothers
tt3248712,Baby Bear's First Day School
tt3249424,Battle the Bands Ad 2009:
tt3297516,Battle Gettysburg
tt3308196,Battalion Seaforth Highlanders at the Dublin Horse Show
tt3312566,Bare Knuckle Streets Rage
tt3340484,Battle the Ages
tt3349578,Bad Kids Crestview Academy
tt3355510,Badge Honor
tt3356692,Barely Legal Boot Camp: Class '08
tt3357162,Barely Legal Cumming Age
tt3357182,Barely Legal Cumming Age 2
tt3357204,Barely Legal Cumming Age 3
tt3370306,"Battery Artillery Crossing Ball's Bridge, Limerick, Ireland"
tt3409838,Bad Seeds Loving Spring
tt3412650,Battle the Bands
tt3418530,Badboy R&B
tt3422284,Battle the Sluts 3: Bobbi Starr vs. Annette Schwarz
tt3432464,Back Book
tt3439842,"Back to the Streets, the God Misfortune"
tt3488588,Baby the Dead
tt3489864,Battered Bastards Baseball
tt3524416,Batman Beyond Angel Death
tt3549154,Battle Evil
tt3551724,Battle Evil: Part 2
tt3562118,Bag Full It
tt3564180,Batman Beyond Path Destruction
tt3572310,Barstool Kind Night
tt3588120,Bayanihan: The Spirit Community
tt3636354,Battle the Purest
tt3661710,Bark Luck
tt3719924,Back the Shop
tt3741656,Ballad the Boatman
tt3781392,Band Skulls
tt3791002,Ballad Billy Badass
tt3793322,Battles Bouts and Brawls: The Story Pro Wrestling in Detroit and the Surrounding Areas
tt3830574,Badlands Kain
tt3851840,Battle the Taste Buds
tt3946504,Ballentine: Top the World
tt4048668,Band Robbers
tt4049528,Bard the Village
tt4061070,BackStabbers: The Origin a Hitman
tt4142788,Bare Knuckle Streets Rage II
tt4157994,Battle on the Streets Smallville
tt4200360,Battle the Subconsious Mind
tt4226368,Battle the Damned
tt4257480,Ballad the Pumpkin
tt4257998,Battle the Gods
tt4269876,Battle Lake Erie
tt4283088,Battle the Bastards
tt4300606,Ballad Tennessee Rose
tt4319598,Bats Ruby
tt4355656,Batman: The Birth the Modern Blockbuster
tt4392312,Bad W0lfy: Love Me Like You Do - Cover Ellie Goulding
tt4458740,Ball Life
tt4479728,Bang Bang Theory Everything
tt4483136,Battle the Babysitter
tt4519740,Babes Bonerville
tt4525468,Balance Terror
tt4599428,Backing Out Time
tt4622512,Battle the Sexes
tt4624678,Baffling World ESP
tt4682494,Banks the Ohio
tt4697956,Band Pirates: Blackbeard's Map
tt4700356,Badge Faith
tt4778252,Batman Beyond: Night the Pickpocket
tt4828054,Barely Out School
tt4836978,Ballin in the Fall America: When Everything Else Fails
tt4863094,Base Basis Basics and Benefits Your Belief
tt4870800,Baseball Comes Age
tt4890770,Battle the Sexes
tt4900044,Battle the Exes
tt4906588,Bats the Round Table
tt4906656,Batman vs. Robin: Talon the Owls
tt4919642,Battle the Superfreaks
tt4968052,Batman's 4th July with the Villians
tt4998566,Balancing Act: Portraits the Modern Family
tt5079408,Battle the Big Ones
tt5079408,Battle the Big Ones: The Milking Minkal
tt5109352,Band Champions
tt5136460,Battle the Best Men
tt5190598,Battle the Sexes: 1st Ever Woman vs Man Cage Match
tt5270212,Basketball (Boys): Davis vs. Antelope & Woodcreek vs. St. Mary's Albany
tt5274150,"Banned, Exploited & Blacklisted: The Underground Work Controversial Filmmaker Shane Ryan"
tt5298874,Battlecruiser Kupok: Battle Alawanir
tt5302916,Battle New Orleans
tt5349948,Barbara Walters Presents: The 10 Most Fascinating People 2015
tt5351408,Battle Zone: The Origins Sicario
tt5370114,Band Keepers
tt5430728,Back in the Day: A Documentary the Riff Raff Kings
tt5571276,Battle Versailles
tt5619434,Back the Benz: Joanna Hillman and Sam Broekema 'Harper's Bazaar'
tt5636668,Battle Memories
tt5674964,Bare naked breast feeding: The life Spiritual Tasha Mama
tt5720156,Batman: Skulls Gotham
tt5724260,Barty's Brew Ha Ha 2: The Legend the Skeleton's Curse
tt5724268,Barty's Brew Ha Ha 3: The Myth the Yeti's Legend
tt5724302,Barty's Brew Ha Ha 4: Tale the Legend the Crystal Chubacabra
tt5735182,Ball Confusion: The 1968 Election
tt5741830,Baby Bear Is Afraid Bees
tt5744516,Badge Trust
tt5748508,Battle the Bands
tt5779630,Battle Armageddon
tt5849502,Bareback Study Hall Vol 2: Fundamentals Fucking
tt5916958,Batcave: Legacy the Lair
tt5960692,Baby Owl's House Terrors
tt5970966,Battle the Big Tuna
tt5972630,Bag Cobras
tt5973626,Batman: Return the Caped Crusaders
tt5977622,Battle the Brides
tt5988932,Batman the Dawn the Knight
tt6008678,Battle the Reporters
tt6016000,Battle Monte Cassino
tt6072410,Bags Love
tt6073546,Barely Dead: The Saga Modern Rollerblading
tt6084014,Batman: Master Fear
tt6095766,Bag Tricks
tt6115412,Basics Eye and Common Eye Diseases
tt6142314,Batman and the Face Crime
tt6147630,Barry Bruiser and the Revenge Lucy Leggs
tt6254598,Battle the Boobs
tt6267254,Battle the Ex-Besties
tt6335276,Barons the River Styx: Our Lady Sorrow
tt6346036,Band Pirates: Buccaneer Island - Director's Cut
tt6365452,Batman vs. Superman: The Clones Justice
tt6411436,Balls Courage
tt6429300,Barack Obama: The Power Hope
tt6440632,Barack Obama Elected 44th President the United States
tt6450290,Band Horses: Dilly
tt6450324,Band Horses: The Great Salt Lake
tt6450368,Band Horses: Casual Party
tt6452368,"Basketball (Boys) St. Hope Elite Hoop Classic Doubleheader: Oakland Tech vs. Folsom & Christian Bros vs. Washington Milwaukee, WI"
tt6461156,Ballad the Dreadnought
tt6498730,Battle Grounds: the hard hits female poppers
tt6553688,Battle the Nerds
tt6566102,Bank America: Merrill Lynch
tt6588172,Battle the Cursed: The Two Kings
tt6633412,Backpack Full Cash
tt6649020,Battle the WWF Superstars
tt6654350,Batman v Superman: Dawn Breakfast
tt6665058,Battle Kid: Fortress Peril
tt6710832,Badass Women Afghanistan
tt6722782,Batman: Return the Joker
tt6735588,Baby Steel
tt6739598,Battle Realms: Winter the Wolf
tt6778084,Bagha Bengal
tt6820722,Battle the Sticks
tt6852638,Bastards Dallas
tt6862274,Babylon 5: Moments Revelation
tt6864598,Barnum Baltimore: The Early Films Joseph E. Levine
tt6866254,Back the House Brawls
tt6897088,Baywatch the Caribbean
tt6966246,Balance Power
tt7058516,Batman the Dawn the Knight
tt7069740,Barbie Dreamtopia: Festival Fun
tt7070432,Bank America 500
tt7076968,Batman the Rise Red Hood
tt7086776,Backstreet Boys: Show Me the Meaning Being Lonely
tt7087228,Backstreet Boys: Shape My Heart
tt7098254,Ballin... On the Other Side the World
tt7098716,Barry Sandler: Life Crime
tt7115526,Battle the Network Stars
tt7257986,Battle the Monster Trucks
tt7275898,Bank America 500
tt7319748,Bank America 500
tt7322746,Battle the Filmmakers
tt7352460,Battle Squadron Alpha: Legends the Time War
tt7370494,Batman v. Superman: A Parody Justice
tt7390210,Basket Apples
tt7462510,Balance Might
tt7488444,Ballad La Donna
tt7529534,Bank America 500
tt7584654,Bag Fears
tt7588954,Banished: The Untold Story Danney Williams
tt7592844,Band Horses: Is There a Ghost
tt7656770,Babes with Blades: Flower Sarnia
tt7746926,Barney's Wall: Portrait a Game Changer
tt7767638,Band Misfits
tt7791744,Ballad the Druggers
tt7809230,Barry: The Making an American Icon
tt7816334,Barbers & Stylists Orlando: The Movie
tt7826328,Ballerina: The Story Michaela DePrince
tt7833576,Basketball (Girls): Court Dreams - Davis vs. St. Francis
tt7833626,Basketball (Boys): Court Dreams - Davis vs. Jesuit
tt7946310,Background: Out Focus
tt8006374,Baba Yaga: Terror the Dark Forest
tt8015984,Battle Dunkirk: From Disaster to Triumph
tt8069036,Bard Blood
tt8070404,Battle Algiers
tt8077746,Bauhaus Spirit: 100 Years Bauhaus
tt8092800,Band Misfits
tt8106258,Battleships vs. Waverunners: The Future Health Care
tt8211214,Back the Net
tt8215254,Ballad a Righteous Merchant
tt8223282,Badass Bitches History
tt8246602,Balance The Force
tt8325336,Basilica Jesus the Adolescent
tt8401226,Battle the Air Bands
tt8493470,Battle Hope
tt8502916,Ballad the Wall
tt8504428,Battle Hymn the Republic: Modified for Relevance
tt8531556,Bachelor Arts
tt8638586,Battle the Bottoms 4
tt8651902,Bad English: Price Love
tt8651960,Bad English: Best What I Got
tt8665874,Baseball Bat: Resurrection the Stub
tt8718240,Ballad a Flat Man
tt8726112,Band Dads
tt8742636,Battle the Bottoms 5
tt8793848,Battlefields: The Life a Soldier
tt8797556,Battle the Bulge 7
tt8830000,Barriers to Care: The Cost IBD
tt8833336,Back to the Bar: The Tradewinds Change
tt8876138,Background the movie
tt8908536,Battle the Street Vendors
tt8951508,Battle the Minions
tt8982292,Battle Twits
tt8987534,Bag Worms
tt9071828,Badges Honor: Sheriffs Osceola
tt9083808,Bank America 500
tt9109782,Bank America Roval 400
tt9152914,Banana Moon: The Legend Sukari
tt9173062,Badge a Quitter
tt9282980,Band Liars: Trouble
tt9410908,Babe Bethlehem
tt9425204,Battle the Millennial Mind
tt9465030,Bapsi: The Silences My Life
tt9708438,Ballad the Colorado Ute
tt9775552,Bad Boys Hollywood
tt9775588,Bad Girls Hollywood
tt9810312,Battle the Dark Universe.
tt9833494,Battle the Bands
tt9893064,Battle Kings