tt0000641,Balked at Altar
tt0001490,Back to Primitive
tt0001491,Back to Soil
tt0002048,Battle in Virginia Hills
tt0003649,Back to Farm
tt0003650,Back to Kitchen
tt0003652,"Baffles, Gentleman Burglar"
tt0003654,Bandits of Border Mine
tt0004934,Back to Primitive
tt0006393,Babette of Ballyhoo
tt0007665,Bab Fixer
tt0007672,Back of Man
tt0007683,Barred from Bar
tt0008568,Back to Primitive
tt0008859,Back to Balkans
tt0008860,Back to Woods
tt0008861,Back to Woods
tt0009690,Back to Right Trail
tt0009901,Ballahooing on Anarika
tt0011940,Back from Front
tt0015603,Barriers of Law
tt0016627,Bardelys Magnificent
tt0019815,Battle of Ladies
tt0022647,Babes in Woods
tt0022652,"Barbarina, King's Dancer"
tt0024853,Babes in Goods
tt0028390,Battle of Century
tt0028600,Back to Woods
tt0029347,Baby of Family
tt0030385,Battles in Shadow
tt0031075,Ball at Castle
tt0032871,Battle of Giants
tt0033366,Back in Saddle
tt0034489,Bad Men of Hills
tt0034496,Bats in Belfry
tt0035658,Back from Front
tt0037455,Battle for Atlantic: Greyhound vs Wolfpack - Western Approaches
tt0037525,Bandits of Badlands
tt0038320,Bad Men of Border
tt0044237,Battle of Ages
tt0044390,Back at Front
tt0044981,Baghdad on Subway
tt0045369,Back Fact
tt0045370,Bank on Stars
tt0045540,Bandits of West
tt0050157,Back from Dead
tt0051721,Bay Moon
tt0052606,Battle of Coral Sea
tt0052753,Back to Wall
tt0053103,Battle Beyond Sun
tt0053352,Banner in Sky
tt0054950,Battle of Worlds
tt0056846,Bay of Angels
tt0056888,Battle of Valiant
tt0057873,Bartholomew Versus Wheel
tt0058930,Baby Rain Must Fall
tt0058947,Battle of Bulge
tt0058995,Badmen of West
tt0061385,Barefoot in Park
tt0061387,Battle Beneath Earth
tt0061962,Bad Men of West
tt0062711,Barbarella: Queen of Galaxy
tt0063340,Barbara Yes Girl
tt0064580,Battle of Commandos
tt0064733,Battle of Japan Sea
tt0065276,Barefoot in Park
tt0069700,Battle of Amazons
tt0069765,Bang Drum Slowly
tt0069768,Battle for Planet of Apes
tt0070268,Bad Kids of West
tt0070445,Barn of Naked Dead
tt0070951,Battle of Godfathers
tt0071184,Back to Planet of Apes
tt0072093,Backlash of Hunter
tt0075480,Baggy Pants & Nitwits
tt0075881,Battle of Stars
tt0078565,Backstairs at White House
tt0078832,Battle of Eagles
tt0080194,Barbara Mandrell and Mandrell Sisters
tt0080421,Battle Beyond Stars
tt0081445,Back in U.S.A.
tt0088760,Baby: Secret of Lost Legend
tt0088763,Back to Future
tt0088767,Badge of Assassin
tt0090693,Band of Hand
tt0092608,Back to Beach
tt0096874,Back to Future Part II
tt0096891,Baoh Caller
tt0099088,Back to Future Part III
tt0101042,Back to Future
tt0101390,Baby of Bride
tt0101392,Back to Future... The Ride
tt0103752,Back in U.S.S.R.
tt0103754,Back to Streets of San Francisco
tt0106338,Back in Days
tt0106356,Barbarians at Gate
tt0106364,Batman: Mask of Phantasm
tt0106364,Batman: Mask of Phantasm: The Animated Movie
tt0106364,Batman: The Animated Movie - Mask of Phantasm
tt0109209,Bandit: Bandit and Silver Angel
tt0109210,Bandit: Beauty and Bandit
tt0118670,Bad Day on Block
tt0120711,Babylon 5: In Beginning
tt0120711,Babylon 5: Last of Fallen
tt0122388,Baby Rose Marie Child Wonder
tt0122982,Babes of Bay
tt0122983,Babette in Return of Secret Society
tt0123414,Bad to Bone
tt0123426,Bare Ass in Park
tt0123431,Battle of Beast Women
tt0125002,Battle of Stars
tt0126806,Bad to Bone
tt0131910,Bad Mama Jama and Fat Ladies of Evening
tt0131926,Bangin' with Home Girls
tt0131955,Battle of Glands
tt0131956,Battle of Stars 3: Stud Wars
tt0131957,Battle of Ultra Milkmaids
tt0133476,Back in Saddle Again
tt0137373,Back to Soil
tt0143428,Baby Cart at River Styx
tt0146456,Back to Soil
tt0149765,Back to Soil
tt0149767,Backside to Future
tt0149767,Backside to Future 1
tt0149768,Backside to Future II
tt0149804,Barrier of Law
tt0149807,Bats in Belfry
tt0149810,Battle of Barn
tt0149811,Battle of Porno Queens
tt0150811,Battle of Chairmanship
tt0151879,Baggin' Dragon
tt0154195,"Bali, Unknown"
tt0154203,Banjo Woodpile Cat
tt0157364,Battle of Guitars
tt0157365,Bawbs of Blue Ridge
tt0158483,Ballad of Nightingale
tt0161247,Back in Pen
tt0161248,Back to Orient
tt0161257,Battle of Superstars
tt0161951,Barnyard Fun with Rupert Runt
tt0162876,Barn of Blood Llama
tt0168489,Batfink on Rocks
tt0172156,Bad Around World
tt0174497,Bang Drum
tt0175284,"Bang, Bang, Mafia Gang"
tt0176499,Bad to Bone
tt0176516,Battle for Tiara
tt0177531,Battle of Bombs
tt0178259,Ball in Family
tt0180470,Back Door to Future 2
tt0180488,Barbara Barbarian
tt0180494,Battle of Titans
tt0184244,Bad Day at Office
tt0185182,"Battle of Stars, Round 2: East vs. West"
tt0188441,Battle of Sexes
tt0191625,Barbara Fair with Silken Hair
tt0197273,Bartok Magnificent
tt0202808,Bang Drum Slowly
tt0204155,Backstage at Kirov
tt0206586,Battle for Minds
tt0211210,Bad Girls for Boys
tt0211212,Ballet Down High Way
tt0211212,Ballet Down Highway
tt0215540,Bad Girls in Movies
tt0228283,Balked at Altar
tt0230025,Bartleby at Office
tt0231223,Balancing in Basket
tt0233276,Back to Future Part III
tt0233277,Back to Secret Garden
tt0233298,Batman Beyond: Return of Joker
tt0234243,"Bathing in Ice at L Street Bath, Boston"
tt0235217,Bayonet Charge; by 2nd Illinois Volunteers
tt0242304,Battle for Soul of Russia
tt0249460,Back in Country
tt0251598,Babes in Woods
tt0252918,Baby of Family
tt0252924,Ballet of Ghosts
tt0258446,Battle of Sexes
tt0260730,"Basic Values: Sex, Shock & Censorship in 90's"
tt0262267,"Battle Flag of 10th Pennsylvania Volunteers, Carried in Philippines"
tt0266292,Backseat Driver 9: Four on Floor Whores
tt0266307,Battle Beyond Street
tt0270846,Baby Geniuses 2: Return of Super Babies
tt0270848,Back to Black Lagoon: A Creature Chronicle
tt0272366,Battle of Sitcoms
tt0273104,Bangin' Night Away
tt0273104,Banging Night Away
tt0274238,Bands on Run
tt0278969,Battlezone: Rise of Black Dogs
tt0280453,Babylon 5: The Legend of Rangers
tt0280453,Babylon 5: The Legend of Rangers: To Live and Die in Starlight
tt0280456,Ball in House
tt0281632,Ballad of Irish Horse
tt0284876,Babyshakes & Return of Macdaddy
tt0285418,Back from Battle
tt0288441,Barbie in Nutcracker
tt0289084,Back on Prowl
tt0289085,Back on Prowl 2
tt0290453,Batman Beyond: Return of Joker
tt0291032,Balzac and Little Chinese Seamstress
tt0291558,"Baby Emma, Age 4, Baby Miami, Age 2, of Meier Family"
tt0296516,Bad Girls 10: In Cage
tt0298727,Bad Religion: Along Way
tt0299506,Back on Prowl 3
tt0302292,Backbone of World: The Blackfeet
tt0306501,Backstage at Whitehouse
tt0308001,Barbara Eden: Out of Bottle
tt0310430,Bangin' Charts
tt0311990,Bash at Beach
tt0311990,Bash at Beach 1996
tt0312408,Back Against Wall
tt0312423,Bang Machine
tt0313120,Battle of Seasons: Hang Man
tt0313246,Back to Kitchen
tt0313254,Barbie and Rockers: Out of This World
tt0313257,Bare Wench III: The Path of Wicked
tt0313257,Bare Wench: The Path of Wicked
tt0313258,Barefoot in Park
tt0315259,Barely Legal in City
tt0321394,Battle of Network Stars
tt0321395,Battle of Network Stars II
tt0321396,Battle of Network Stars III
tt0321397,Battle of Network Stars IV
tt0321398,Battle of Network Stars XII
tt0325049,Barbara Mandrell and Do-Rites: The Last Dance
tt0328867,Back to Kitchen
tt0330042,Baryshnikov at White House
tt0335947,Babes in Sawdust
tt0335979,Baldy Belmont Wins Prize
tt0335980,Baldy Belmont and Old Maid
tt0337580,Battle of Network Stars XIII
tt0338228,Back to Future: Making Trilogy
tt0340003,Battle of Network Stars XIV
tt0346381,"Battle of Sexes: The Good, Bad, and Notorious"
tt0346578,Batman: Mystery of Batwoman
tt0346579,Battle of Bulge
tt0346580,Battle of Network Stars IX
tt0346581,Battle of Network Stars XI
tt0346582,Battle of Network Stars XV
tt0348537,Band and Battalion of U.S. Indian School
tt0349131,Battle of Network Stars XVI
tt0358967,Babes in Woods
tt0360411,Barry Goes to Cabaret
tt0361339,Battle of Bulges
tt0362432,Bang Go Rifles
tt0362437,Battle in Erogenous Zone
tt0364022,Battle of Champs
tt0364219,Back to Kitchen
tt0364220,Back to Sun
tt0373703,Back to Old Farm
tt0374519,Bad Movie Police Case #1: Galaxy of Dinosaurs
tt0375590,Battle of Network Stars V
tt0375591,Battle of Network Stars VI
tt0375592,Battle of Network Stars X
tt0375593,Battle of Network Stars XIX
tt0375594,Battle of Network Stars XVII
tt0375595,Battle of Network Stars XVIII
tt0376504,Battle of Network Stars VII
tt0376505,Battle of Network Stars VIII
tt0377475,Baby Dreams at Airport
tt0380201,Back in Day
tt0382562,Baby Dreams at Automobile Factory
tt0386315,Battle of Network Stars
tt0386669,Battle of Brave
tt0387776,Banner of Stars
tt0387776,Banner of Stars II
tt0387852,Back to Primitive
tt0394156,Bachelor of Month
tt0394158,Bash at Beach
tt0397330,Battles That Changed World: Peloponnesian Wars
tt0397331,Battles That Changed World: The Greek-Persian Wars
tt0397332,Battles That Changed World: The Punic Wars
tt0397333,Battles That Changed World: The Trojan War
tt0398734,Bangin' Beaver on Bus 2
tt0398745,Battles That Changed World: The Gallic Wars
tt0400213,Basil Poledouris: Composing Conan Saga
tt0402830,Baron Bragg and Devilish Dragon
tt0402831,Baron Bragg and Haunted Castle
tt0404977,Battle for Lost Planet
tt0408526,Baker: War in Mojave
tt0413813,Bangin' Girl Next Door
tt0415522,Babes in Jungle
tt0415541,Back to Woods
tt0416505,Battle Scars - From Gauntlet to Inferno
tt0420360,Back in Hood: Gang War II
tt0421293,Battlegrounds: King of World
tt0421667,Back in Saddle
tt0421680,Bangin' Beaver on Bus 4
tt0421682,Banned: Crashing Thru Century
tt0421682,"Banned: Crashing Thru Century, Too Hot for America!"
tt0425767,Battle of Colossal Women
tt0426408,Baten kaitos: Eternal Wings and Lost Ocean
tt0426409,BattleGround: 21 Days on Empire's Edge
tt0426951,Bangin' Bachelor
tt0426955,Barbie as The Princess and Pauper
tt0429630,Back in Hood: Gang War 2
tt0429631,Back to Future Video Slots
tt0429646,Barebackin' at Troff: Bareback V
tt0430914,Battle of Bottoms
tt0433334,Backyard Wrestling 2: There Goes Neighborhood
tt0437081,Babes in Woods
tt0437083,Bad Bug Bee and Pirate Ants
tt0437843,Back at Ranch
tt0438781,Battle of Confetti at Nice Carnival
tt0438782,Battle of Flowers at Nice Carnival
tt0441993,Babes in Wood
tt0443894,Bareback Baileey & Boys
tt0447854,Bambi and Great Prince
tt0447854,Bambi and Great Prince of Forest
tt0450979,Babs Johnson and Cavalcade of Perversion: An Exploration in Exploitation
tt0451645,Battle of Buttes
tt0455913,Bastards of Party
tt0456301,"Banner's Name, Bondage Is My Game"
tt0461907,Back in Saddle: The Making of 'City Slickers II'
tt0464367,Bayou of Blue Behemoth
tt0467779,Baby Einstein: On Go
tt0469030,Batman: Revenge of Joker
tt0472049,Barbershop: A Little Off Top
tt0472612,Bails Is Ten in Hole
tt0472713,Battle Flags of 9th U.S. Infantry
tt0475185,Battle of Network Reality Stars
tt0475804,Battle of Superheroines
tt0476037,Battlegrounds: King of Court
tt0476736,Back to Crack: Butt Munch 2
tt0478432,Bash at Beach
tt0478432,Bash at Beach 1998
tt0480345,Barbie and Magic of Pegasus 3-D
tt0482458,Backstage at Bowl
tt0485863,Battle of Warriors
tt0488488,Baby Einstein: Baby Galileo Discovering Sky
tt0488957,Ballet of Nations
tt0495286,Battle for Klamath
tt0495557,Back to Floor
tt0495951,Barred from Mails
tt0498896,Barbara Stanwyck: Straight Down Line
tt0502065,Babes in Woods
tt0504148,Bad Time on Border
tt0509836,Barney Gold Digger
tt0512446,Barney and Cave Rescue
tt0512447,Barney and Choir
tt0512448,Barney and Governor
tt0512449,Barney on Rebound
tt0514289,Barney and Hooker
tt0514290,Barney Gambler
tt0519454,Batman Makes Scenes
tt0519455,Batman Sets Pace
tt0520560,Bad to Bone
tt0521842,Back in Day
tt0522432,Back to Hills
tt0522748,Back in High Life Again
tt0529503,Ballad of Ponderosa
tt0534425,Battle of Bands
tt0535355,Battle of Bands
tt0537947,Battle of Bulls
tt0537949,Battle of Heavy Metal Headbangers
tt0539330,Battle of Hexes
tt0539702,Battle of Exes
tt0540887,Basic Ideas in Christopher Movement
tt0545845,Bang Potts Slowly
tt0546955,"Back to Track, Jack"
tt0560977,Banner in Sky: To Conquer Mountain
tt0560978,Banner in Sky: The Killer Mountain
tt0560979,Barry of Great St. Bernard: Part 1
tt0560980,Barry of Great St. Bernard: Part 2
tt0561442,Back in Saddle
tt0561963,"Baby, Rain Must Fall"
tt0569051,Back in Saddle
tt0573896,Band on Roof
tt0573897,Battle of Bands
tt0577284,Band on Run
tt0577705,Baby/Marathon: Battle of Sexes
tt0578072,Back and Back and Back to Future
tt0578656,Back to Future
tt0580196,Barney Invisible
tt0582942,"Bang Drum, Ashley"
tt0584104,Bachelor of Month
tt0587500,Back to Old Drawing Board
tt0588122,Back in Saddle Again
tt0589715,"Bang Drum, Stanley"
tt0590773,Back in Day: Part 1
tt0590774,Back in Day: Part 2
tt0593107,Bang on Drum
tt0593566,Back in Ring
tt0603428,Bachelor of Year
tt0611960,Backseat Drivers from Beyond Stars
tt0611961,Battle of Planets
tt0613211,Back in Saddle
tt0616109,Back to Garden
tt0623999,Back to Suture
tt0631657,Babes in Woods
tt0634026,Back in Day
tt0635136,Barbarians at Planet
tt0636724,"Baby Talk/My Friend, Executrix/Programmed for Love"
tt0639957,Battle of In-Laws
tt0641552,Babe in Woods
tt0642645,Bangin' Hard in School Yard
tt0647037,Back in World
tt0650233,Barking Up Wrong Tree
tt0656239,Bale to Chief
tt0665778,Barbara Fink
tt0666293,Band on Run
tt0667280,Bark at Moon
tt0669744,Bad to Bone
tt0674192,Back to Future (Not Movie)
tt0681892,Battle of Bands
tt0695270,Back at Ranch
tt0700773,Band on Run
tt0701019,Back in Saddle
tt0701057,Bart on Road
tt0701058,Bart Fink
tt0701059,Bart General
tt0701060,Bart Murderer
tt0701977,Back to Garden
tt0706996,Back to Future IV - Judgment Day
tt0707887,Bang Eardrum Slowly
tt0708852,Barge of Dead
tt0717952,Basil of Bulge
tt0735146,Bad News from Clinic
tt0738933,Babes in Woods
tt0741680,Bam on Bayou
tt0743885,Back to Club
tt0745600,Bartlet's Third State of Union
tt0746034,Bad to Scone
tt0750290,Back to Lake
tt0756593,Bart Genius
tt0760693,Battle for Train of Gold
tt0761382,Back to Beach
tt0763962,Band-Aid Covers Bullet Hole
tt0767438,Bart Daredevil
tt0767439,Bart to Future
tt0768450,Barrel of Bricks/Pissing on Third Rail/Eel Skin Wallet
tt0768553,Bart Lover
tt0770206,Bash at Beach
tt0770206,Bash at Beach 1997
tt0772155,Back to Well: Clerks II
tt0775423,Bad Religion: Live at Palladium
tt0777557,Battle of Sexists
tt0781977,Bart Mother
tt0787470,Balls Out: Gary Tennis Coach
tt0788021,Backstage with Bundys
tt0788539,Back in U.S.S.R.
tt0788541,Back to Future
tt0792916,Balancing Books
tt0799931,Back to Grind
tt0804618,Battle Beneath Ice
tt0804619,Battle Beneath Sea
tt0805129,Back to Stone Age
tt0805130,Bandit and Smokies
tt0806927,Back of Shadows
tt0810023,Baby Einstein: Meet Orchestra
tt0818086,Back to Future Night
tt0818086,Back to Future Part II Behind-the-Scenes Special Presentation
tt0818472,Barking Up Wrong Tree
tt0832484,Back to Front
tt0833006,"Bang Drum Slowly, Dumbass"
tt0856376,"Back to Back, a Fight to Death!"
tt0857277,Back at Barnyard
tt0857356,Batman's Gonna Get Shot in Face
tt0858128,Babes in Woods
tt0859217,Back to Blueprint
tt0859593,Balls in Icebox
tt0859594,Barbie in 12 Dancing Princesses
tt0859594,Barbie in Twelve Dancing Princesses
tt0865592,Battle of Gridiron Stars
tt0878099,Barney Songs from Park
tt0878100,Barney: Let's Go to Zoo
tt0879023,Baby of Family
tt0886457,Barney: Let's Go to Beach!
tt0887717,Back to Hellmouth: A Conversation with Creators and Cast
tt0896519,Badge of Courage: Police Officer of Year
tt0896520,Badge of Courage: Police Officer of Year
tt0896521,Badge of Courage: Police Officer of Year
tt0896557,Back to Forest
tt0907560,Back to Garden
tt0926657,Battle of Bulge
tt0927584,Barney and Miss Beazley's Spring Garden Tour at White House
tt0931888,Barefoot in Nanny Park
tt0934189,Battle of Bands
tt0938285,Battle of Wedding Singers
tt0941679,Battle in North Sea
tt0946693,Back in Game
tt0950568,"Batavia, Javanese Capital"
tt0954916,Back in Thirties
tt0955669,Back to Nursery
tt0958612,Barechested in Park
tt0962926,Battle of Dragons
tt0965564,Bash at Beach
tt0965564,Bash at Beach 1995
tt0977104,Bam on River
tt0977703,Balling Junk
tt0981456,Baki Grappler
tt0983288,Back in Day
tt0983830,"Bath, Famous British Spa"
tt1002957,Barney: Let's Go to Farm
tt10036154,Baby Bear visits Furry Arms
tt10044586,Badladdin/Kragg Conqueror/The Mad Mummy Mystery/The Defiant Casablanca Giant/Toyman/The Menacing Mindreader
tt1007919,Bad Day on Midway
tt1007920,Barbie Fairytopia: Magic of Rainbow
tt10080778,Back to News: No News is Good News
tt10086890,Back to Beach Car Show
tt10089856,Ballad of Bleeding Heart
tt1009984,Barbie: Princess and Pauper
tt1013852,Banned from Bible II
tt10197594,Barrel of Palm Trees
tt10208956,Bad Moon Rising: Blood on Streets
tt1024706,Back on Farm
tt1024706,Back to Farm
tt10248910,Babblers Are Usually Liars!/Battle Over Bronze Lions!
tt1028351,Battle of Gods
tt1028524,Battle for Crown
tt1029103,Bad Blood: The Border War That Triggered Civil War
tt10302926,Battle of Spouses
tt10322588,Baby Hung Moon
tt1038417,Battle of Sexes
tt1038418,Battle of Sexes: Part 2
tt10387870,Back from Brink
tt10404276,Badanamu Meet Nemies
tt10409240,Back to Feature
tt10436028,Bangkok Business Trip: Getting a Taste of Legendary Transsexual Lady Boy's AV Debut
tt10441932,Backstage Pass to Flipside: Talking to Bill Paxton
tt10468286,Back from Future - Part One
tt10468288,Back from Future - Part Two
tt10472220,Bailee Moore: Life of Party
tt1048914,Babes in Woods
tt10504228,Balboa Yacht Club presents 52nd annual Goveners Cup
tt10504250,Balboa Yacht Club presents 52nd annual Governor's Cup
tt10504262,Balboa Yacht Club presents 53rd annual Governor's Cup
tt1052560,Back Out in Outback
tt1052561,Back to Klondike
tt1053806,Bali: Masterpiece of Gods
tt1054562,Baklava and Meaning of Life
tt10554634,Baby on Inside
tt10571548,Backstage in Phoenix (The Beginning of End of N.W.A.)
tt1065067,Battle for Great Plains
tt10657766,Back from Dead
tt10680594,Baldy for Blind
tt10691898,Back to Moon
tt10696424,Battling Invisible Menace
tt10698566,Battle of Planets
tt1070914,Barry Benepe: Person of Week
tt10724520,Back in Day
tt10747100,Ballad of Late Night Blues
tt10760940,Banging Under Sun
tt10763222,Back Home with Bradys
tt1077362,Barney: Let's Go to Firehouse
tt10800696,Back in Saddle
tt1080542,Battle at Entrance of Harbor of Chemulpo
tt1085366,Backroads: Take Detour
tt10871602,Back in Game
tt10875158,Battle of Bosoms
tt10888524,Barney Kills Sun
tt1092053,Barbie as Island Princess
tt10924754,Batman & Robin: To Fest
tt10933160,Backstreet to American Dream
tt10933810,Bare to Bone Part 1
tt10933820,Bare to Bone Part 2
tt1094678,Battle of Hollywood Hotties
tt10950532,Back in Saddle
tt10964714,Battle of Christmas Movie Stars
tt10968530,Battle of Fittest Couples
tt10983526,Back from Brink: Saved from Extinction
tt1099192,Barbara and Goose
tt10994552,Battle of Sexes Finale
tt11009956,Background 101: The Do's and Don'ts of Working in Industry
tt11083188,Battle of Giants
tt11127328,Ballad of Nice Guy
tt11135692,Bar Wrestling 43: The Wildest Ride in Wilderness
tt11135710,Bar Wrestling 44: I Was in Pool
tt11135844,Back to Past
tt11192472,Baywatch: Continuing Legacy
tt11201976,Baywatch: Meet Lifeguards
tt11280096,Balance of Force
tt11300458,Battle of Bulge 6
tt11303996,Bash at Beach
tt11327980,Balkan Erotic Epic: Group of Men Copulating with Earth
tt1133193,Ban on Fun
tt11332628,Batman Beyond: Return of Joker
tt11336876,Bad Prop Choices (Episode 5) - Behind Scenes
tt11336882,Bad Prop Choices (Episode 8) - Behind Scenes
tt1134797,Babes in Woods
tt11393026,Banksy and Rise of Outlaw Art
tt1139917,Banging Bride
tt11425720,Batman and Joker (Spectre Studios)
tt11432320,Battle for Pacific
tt1147713,Barenaked Ladies: Talk to Hand - Live in Michigan
tt1148233,Barry Manilow: Songs from Seventies
tt11486474,Back from Dead
tt11505710,Battle of East
tt11518972,Battle of Bottoms 8
tt11551622,Back to Future
tt11571814,Back Against Wall?
tt11574728,Bailey Films Presents: Deal
tt11614084,"Basement Dweller, Do Not Resuscitate and Children of Barn"
tt1167426,Battle of Atlantic
tt1172504,Battle of Sexes: Making Band 4 First Look
tt11808104,Bake to Future: A Cookie Christmas Carol
tt11822450,Banging Butt Burglar: Bareback
tt1185796,Banana in Stone
tt11879276,"Battle Scars, cover by Kid Brothers"
tt11915662,Bam Beats Bucks
tt11935856,Back to Candy Stripers
tt1194602,Battle of Bulge
tt1195689,Bad 2 Bone
tt1195689,Bad to Bone
tt11962432,Battle for Crown
tt11985740,Bazoo Kloun
tt12002064,Battle of Squirters
tt12002072,Battle of Squirters 2
tt1200818,Battlefields of Pacific
tt1201989,Battle of Bands
tt1201990,Battle of Video Games
tt12053366,Bait Switch
tt12075930,Battle in Holy City
tt1208166,Back to Past
tt1213218,Batman: The Brave and Bold
tt12140518,Back in Saddle
tt12190566,Batman - 80 Years of Dark Knight (DCAU)
tt1224137,Bash at Beach
tt1224137,Bash at Beach 1999
tt1224138,Bash at Beach
tt1224138,Bash at Beach 2000
tt12263472,Baker Mayfield Ends Season
tt12263532,Baker Mayfield vs Circuit Breaker
tt12266030,Battle of Bands
tt1232013,Back to Simple Life
tt1232280,Bad to Drone
tt12323818,Back to Drawing Board
tt12332830,Battles That Changed World: The Peasants' Revolt
tt12332856,Battles That Changed World: Bunker Hill 1775
tt12333032,Battles That Changed World: The Battle of New Orleans
tt12333078,Battles That Changed World: The Spanish Armada
tt12338128,Barbie & Kendra Save Tiger King
tt12351110,Barry Hatchet
tt12368782,Battle for Grid
tt12401402,Balls to Ball
tt12459878,Battle of Ultra Milkmaids #5
tt12459878,Battle of Ultra Milkmaids 5
tt12467752,Back to Cabin
tt1247360,Battle of Hogtied Maids
tt1248894,Battle of Flying Tigers
tt12505890,Battle for Dream Island - After Finale
tt12603438,"Bang, Zoom, Pawn on Moon!"
tt1260562,Bachelor Party in Bungalow of Damned
tt12617564,Back to Bad: Breaking to Future
tt12622836,Back to Future
tt1262344,Bad to Bone
tt12628986,Baby in Basement
tt12631030,Battle of Bulge: Winter War
tt1264955,Back to Farm
tt1264955,Back to Farm: The Making of 'Splatter Farm'
tt12649608,Ballin' in Fall of America
tt1265589,Batman Unmasked: The Psychology of Dark Knight
tt12663912,Battle of Brick: Built for Combat
tt12690818,Ballads of Revelation
tt12708604,Bargain with Devil
tt12735232,Back from Dead
tt12768422,Bay Window: Heart of Game
tt1277506,Battle of Bods
tt12779794,Back to 'Burgh
tt1278006,Backdraft: Bringing Together Team
tt1278007,Backdraft: Creating Villain - The Fire
tt1278008,Backdraft: Igniting Story
tt12794046,Batman: Death in Family
tt1281431,Back to Furniture
tt12860538,Back to 'Burgh 2: Pittsburgh gets a Temple
tt12860898,Batman: Dawn of Knight
tt12885852,Batman: Soul of Dragon
tt1291051,Bam Margera Presents: Where #$&% Is Santa?
tt12916852,Barbra Streisand: Left in Dark
tt1294138,Barbie and Diamond Castle
tt1295070,Baddest of Bands
tt12961124,"Backing Wrong Primate - The DNR Trilogy, Volume 1"
tt12963964,Babies of Zoo
tt13017372,Back to South
tt13021498,Baldrith Mage
tt1304570,Band of Sand: Actors Unite
tt13055936,Baichi and Three Blind Rats
tt13084612,Bad Bet on Bayou
tt13092096,Bark at Moon
tt1311022,Bazan: Alone at Microphone
tt13113480,Back in Game
tt13131706,"Back to Charm of Edinburgh, Scotland"
tt13142238,Bardstown: The Beech Fork & Kentucky Bourbon Festival
tt1320233,Band from TV: Hoggin' All Covers
tt13217746,Baths Bring out Best in Me
tt1321862,Back to Jurassic
tt13224844,Ballads of Exodus
tt13274982,Battlefield of Mind 2
tt1327912,Balancing Acts: A Jewish Theater in Soviet Union
tt1329475,"Banff National Park, a Trip Through Great Playground of Canada"
tt13304856,Bangin' Boss
tt1332490,Bangin' Biggins 4
tt13329278,Battlebots on Moon
tt1333895,Back in Saddle
tt1338724,Battlestar Galactica: The Face of Enemy
tt13405482,Baby Madison and Lost Island
tt1346952,Bangles: Recorded Live in Concert at Syria Mosque Pittsburgh
tt13483946,Bats in Belfry
tt1348780,Bananas Over Hefty/The Smurfs of Round Table
tt1351097,Battle of Album Covers
tt13575806,Back to Outback
tt13576492,Baracka Flacka Flames: Head of State
tt1360268,Battle of Bulge
tt13604420,Back Before Baby
tt1360753,Bad Boy Bill: Behind Decks
tt1360907,Babies' First Words and a Day at Races
tt1362047,Bank Issues (and Magic Pie)
tt1362359,Baeder: Pleasant Journeys and Good Eats Along Way
tt13639282,Babylon Great
tt13649282,Baba Wain: A Musical Note in Key of Beauty
tt13653632,Baron Porkchop's Terrifying Tales of Macabre!
tt13679488,Basically Training Horses - On Ground
tt13696228,Ballet Hawaii's Nutcracker
tt13701708,Backflip to Future
tt1370833,Barbarossa and Towers of Italy
tt13759140,Bangin' Daddy in Caddy
tt13773202,Back Way We Came
tt1377653,Back to Wind: The Danny Gilyeat Motorcycle Makeover Project
tt13788234,Bang Drum: The Life & Death of a Small Town Music Scene
tt1379760,Baseball Player Falls Over Fence
tt13804542,Battle of 80s Supercars with David Hasselhoff
tt1381530,Barbariana: Queen of Savages
tt13826636,Band on Run
tt13827766,Battle of Badlands
tt1387320,"Back to Basics: The Story of Luckenbach, Texas"
tt1388414,Back to Movies
tt13885876,Baby Genius: A Trip to San Diego Zoo
tt1389438,Back to Farm
tt13924078,Baruti Tucker: Tip of Finger
tt1397143,Back Among Old Folks
tt1399195,Battle of Bulges
tt13998876,Batman: Under Dark
tt1405756,Barney: Celebrating Around World
tt1422611,Battle of Beat
tt1422612,Battle of Las Vegas Show Girls
tt1424608,Barefoot and Pregnant with Feminist Ideology in Misogynist Month of November
tt1427836,Back in Woods
tt1436553,"Back to Garden, Flower Power Comes Full Circle"
tt1437401,Barstow: Ithream and Desert
tt1438922,Bad to Bone
tt1448444,Battle of Asses
tt1457753,Babar Jihadi
tt1482386,Bark of Tree
tt1484922,Barbie and Three Musketeers
tt1486175,Babe in Woods
tt1490554,Back to Machine
tt1490557,Baker Boys: Inside Surge
tt1505823,Battle of Babes: Alektra Blue vs. Amy Ried
tt1509845,Battle of Wedding Planners
tt1514371,Battle of Dancing Queens
tt1521198,Back to DeLorean
tt1532958,Battle of Year
tt1532958,Battle of Year: The Dream Team
tt1537193,Back from Dead: Hot Rod Documentary
tt1539159,Battle of Bulbs
tt1540616,Back from Dad
tt1540760,Bankrupt American Dream?
tt1545019,Band of Pirates: The Story of Seton Hall's Magical Run to 1989 NCAA Championship Game
tt1552980,Babysitter Wanted: Behind Scenes
tt1554445,Back in Saddle
tt1569923,Batman: Under Red Hood
tt1570550,Balsing Over Bounding Blue
tt1579325,Battle of Bedpan
tt1589981,Battle of Asses 2
tt1595608,Back to Land
tt1595611,Battle of Bands
tt1596760,Bacall and Boys
tt1602033,Bandits of Egg
tt1603646,Back in Sh*t
tt1613073,Batman: The Brave and Bold - The Videogame
tt1620694,"Bali, Island Paradise"
tt1624908,"Barbados and Trinidad, Gardens of Caribbean"
tt1626135,Balls to Wall
tt1626771,Battle of Evil-Doers!
tt1630033,Batman Villains: Bob Goon
tt1633501,Back from Dead
tt1634701,Bach Music Meister
tt1635423,Barbie and Cop
tt1640106,Backpack Grand Canyon
tt1641931,Bach of Antarctic
tt1646955,Back Nine at Cherry Hills: The Legends of 1960 U.S. Open
tt1652996,Backstage on Black Stage
tt1656218,Battle on Block
tt1659963,"Baby, Baby, Who's Got Baby?"
tt1661983,Baggin' Big One
tt1665823,Battle of Wedding Designers
tt1668048,Battle for Boot
tt1670222,Batman: Behind Mystery
tt1679534,Back from Dead: Resurrecting 'Dead Like Me'
tt1683400,BaklavaTA: Around World
tt1686925,Battle History of Air Force
tt1686926,Battle History of U.S. Navy
tt1686927,Battle History of U.S. Army
tt1688659,"Back to Future: The Game - Episode 1, It's About Time"
tt1691827,Back to Basics: Fitness Program
tt1697874,Bad to Bone
tt1706308,Bangin' in Woods
tt1707362,Battle of Supercars
tt1719231,Bangers in House
tt1723594,Barbie and Three Musketeers
tt1727856,Bang Party
tt1743913,Ball at Box
tt1745662,Bach from Dead
tt1747943,Baby Has Colic
tt1747949,Bathing & Single Girl
tt1766366,Battle of Bands
tt1779348,Ballad of Whiskey Robber
tt1779992,Battle of Bulge
tt1781773,"Batman and Me: A Devotion to Destiny, Bob Kane Story"
tt1806798,Band on Search
tt1813984,Bad to Bone
tt1815603,Backlash in Wild
tt1815906,Barney & Backyard Gang: Rock with Barney
tt1821338,Back to Future on Bushnell Avenue
tt1830493,"Back to Future: The Game - Episode 2, Get Tannen"
tt1834809,Battle of Asses 3
tt1839414,Back to Beyond
tt1839444,Ballad of Evil Fate
tt1841510,"Back to Future: The Game - Episode 3, Citizen Brown"
tt1841511,"Back to Future: The Game - Episode 4, Double Visions"
tt1841512,"Back to Future: The Game - Episode 5, Outatime"
tt1843755,Barbara Walters and View Cast
tt1843855,Bamboo Road: Meditation Through Shakuhachi Flute
tt1848794,Bali: Life in Balance
tt1850482,Battle of Superheroes!
tt1851856,Back from Dread
tt1866922,Back in Mountains
tt1867985,"Bathing; or, Charlie and Mary in Country"
tt1870330,Back to Future: Board Joust
tt1885202,Banks of Vltava
tt1889386,Bart Simpson: Do Bartman
tt1895307,Back to Farm
tt1896718,Bartleby Scrivener
tt1935743,Bay City Luv: Singin' 'n' Livin' on Edge
tt1936013,Babies Scooching Across Floor Versus Brides Being Thrown Off Horses
tt1942810,Battling Backlog
tt1948526,Balrog: Behind Glory
tt1959343,Batman: Secrets of Caped Crusader
tt1959361,Bandits of Atlas Gorges
tt1964520,Back of Mike
tt1968994,Battle of Butts: Naomi vs. Sarah Jay
tt1971327,Back to Future Alternate Ending: Biff is Dead
tt1989459,Battle of Drunks
tt1990174,Bangladesh on Brink
tt2006693,Battle of Badges: Road to Championship
tt2011414,Baby Sings Blues
tt2033954,Battle of Bootys
tt2036339,Bats in Clocktower
tt2041301,Bad to Jones
tt2043784,Back to Dust
tt2043786,Battlestar Galactica: Behind Scenes - Post Production
tt2046374,Battle of Century
tt2047547,Bart Stops to Smell Roosevelts
tt2047685,Battlestar Galactica: Behind Scenes - The Writers Office
tt2053329,Back for Future
tt2072906,Baltimore and Oyster Industry
tt2076804,"Barney Ross of Chicago, in Defense of His World's Championship Welterweight Title Against Henry Armstrong of California, Featherweight Champion, Held at Madison Square Garden Bowl, Long Island City, New York"
tt2082198,Battle of Sexes on Ice I
tt2082199,Battle of Sexes on Ice II
tt2082200,Battle of Sexes on Ice III
tt2087697,Battle of Sexes: Connors vs. Navratilova
tt2103152,Back in Jacket: A Smallville Homecoming
tt2117822,Battle of Butts: Ms. Cleo Vs. Cherokee
tt2117823,Battle of Butts: Roxy Vs Pinky
tt2123149,Back to Back: The Story of 1993 Toronto Blue Jays
tt2139046,Back to Indians
tt2139635,Batman Consequences: Ending with Premiere
tt2147286,Backbone of Army
tt2150163,Baby Geniuses and Mystery of Crown Jewels
tt2154226,Back from Dead II: Kustom Cars Lead Sleds
tt2154910,Back to Stone Age
tt2168208,Ballin' at Graveyard
tt2170322,Battle Behind Bottle
tt2181896,Batman and Robin and Other Super Heroes
tt2184862,Battle History of U. S. Coast Guard
tt2190193,Back to Sea
tt2197246,Battle of Pacific
tt2197817,Back to Future
tt2197819,Back to Future Part II & III
tt2199287,Batman Meets Riddler
tt2200726,Barnabus Bailey and Greatest Show Unearthed Presents
tt2210344,Back to Future: Blitz Through Time
tt2210463,Battle of Damned
tt2217596,Back from Edge: A Landmark Documentary-Style Short Film
tt2235453,Barney and Martians
tt2241033,Battle of Bands: Rock-a-bye Road II
tt2246887,Back in Day
tt2251217,Bangin' Girl Next Door 3
tt2251223,Barely Legal Back in Saddle
tt2261299,Battle of Asses 4
tt2266667,Back in Barn
tt2273117,Banana Growing in Fiji Islands
tt2279994,Battle of Drumlines
tt2287238,Baby Geniuses and Treasures of Egypt
tt2287250,Baby Geniuses and Space Baby
tt2290139,Back Into Tunnels: The Making of Mimic
tt2293916,Bam! Ghost
tt2316447,Basketball Wives Movie (trailer) Spoof
tt2331875,Bats in Ballpark
tt2338660,Back in Game
tt2340692,Barry Clown
tt2353821,Backstage at 1996 Miss North America Pageant
tt2354898,Back in Wind
tt2361155,Bands on Run
tt2363089,"Babe Ruth: The Man, Myth, Legend"
tt2372145,Back to Beach 1
tt2372147,Back to Beach 2
tt2372149,Back to Beach 3
tt2372151,Back to Beach 4
tt2372153,Back to Beach 5
tt2379689,Backlash: Race and American Dream
tt2381097,Bass on Downbeat
tt2382034,Bane Telemarketer with Chris Kattan
tt2387399,Bastrop: Rising from Ashes
tt2392440,Back in Game
tt2396690,Barbie: The Princess & Popstar
tt2420800,Battle of Sects: The Innocence of Christians
tt2459352,Battle of Seasons: Reunion
tt2462592,Ballad of Green Ape
tt2462642,Bath Salts Musical
tt2483834,Battle of Proxies
tt2495402,Battle of Superstars: John Holmes vs. Peter North
tt2502192,Barney: Let's Go to Doctor
tt2509940,Basques in West
tt2520124,Baseball in 80's
tt2526898,Battle of Undead
tt2530960,Back from Afterlife: Making 'Resident Evil: Retribution'
tt2552210,Back to Wild
tt2552574,Bangin' Naughty Spot
tt2552610,Bangin' Naughty Spot 2
tt2572480,Battlefield of Mind
tt2591718,Barney: Let's Go to Moon
tt2593790,Bad Times All Time
tt2593896,Battle for Elephants
tt2609552,Back from Brink
tt2609576,Back to Lake 2
tt2611138,Back to Lake
tt2613874,Battle of Breasts
tt2620992,Back to Beginning
tt2630134,Barbie in Pink Shoes
tt2637424,Banged in Basement
tt2637852,Back to 50s Burlesque
tt2643620,Balloon in Sky
tt2644032,Barbie: Life in Dreamhouse
tt2655470,Back in Game
tt2656402,Baka and Test: Summon Beasts
tt2662624,Baby Bear...Triangle Lover of Day?
tt2690044,Bane Causes Super Bowl Blackout
tt2709114,Back to Hood: The LA Riots 10 Years Later
tt2741504,Back from Dead
tt2761862,Battle of Asses 5
tt2781440,Back in Saddle/Girls Only
tt2802932,Back to Abyss
tt2827086,Back to Best
tt2833036,Babysitting Battle/Follow Paper Trail!
tt2843848,Back from Edge: A Landmark Documentary-Style Short Film
tt2852860,Babylon Rising: And First Shall Be Last
tt2853034,"Babylon Rising: 322, Tetrads and Time of Jacob's Trouble"
tt2904782,Back to Future: Holy Cross
tt2905800,Back to 80s
tt2946582,Barbie Mariposa & Fairy Princess
tt2994262,Bandit and Saints of Dogwood
tt3004670,Banshee Origins: Carrie at Gate
tt3010208,Back to Hustle
tt3010424,Battle of Bands at Club Tatou
tt3042378,Baby and Big Tent
tt3044284,Bangin' in 'Burbs
tt3062196,Barely Legal Black in Saddle
tt3066790,Bakerman and Bunnymen
tt3097828,Back from Edge of Life's Abyss
tt3129182,Bangin' Boss
tt3147140,Back to Beginning
tt3152104,Bass on Road
tt3170712,Backstreet Boys: This Is End
tt3180224,Back from Dead
tt3182086,Battle for Stage
tt3201962,Bangin' Girl Next Door 2
tt3249424,Battle of Bands Ad 2009:
tt3283838,Back to Moon for Good: Planetarium Dome Show
tt3286444,Babylon 5: Creating Future
tt3308196,Battalion of Seaforth Highlanders at Dublin Horse Show
tt3317110,Baron Bloodstorm's Audition
tt3340484,Battle of Ages
tt3345584,Baghdad in Bronx
tt3349772,Back in Day
tt3356472,Bad to Bone
tt3358338,Back Way We Came
tt3399134,Back to Shadows: A CIA Officer's Story
tt3412650,Battle of Bands
tt3418664,Bangin' Boss 2
tt3422284,Battle of Sluts 3: Bobbi Starr vs. Annette Schwarz
tt3427058,Baby's Boss
tt3439842,"Back to Streets, God of Misfortune"
tt3473444,Bass on Road 2
tt3483862,Back in Saddle Again
tt3488588,Baby of Dead
tt3501814,Banjos by Flame
tt3525346,Bad Ass 3: Bad Asses on Bayou
tt3525346,Bad Ass III: Bad Asses on Bayou
tt3525346,Bad Asses on Bayou
tt3553686,Banking on Brink
tt3565538,Back in Day
tt3576034,Battle in Dome
tt3587110,Battling Damned
tt3606968,Back to Basics
tt3621086,Barrel to Head
tt3635342,Backstage with Anglophile
tt3636354,Battle of Purest
tt3697984,Ballin' with Stars
tt3708328,Basil Great Mouse Detective
tt3719860,Barbara Walters' Last Day on Show
tt3719924,Back of Shop
tt3741656,Ballad of Boatman
tt3760436,Batman: Battle for Cowl
tt3793322,Battles Bouts and Brawls: The Story of Pro Wrestling in Detroit and Surrounding Areas
tt3851840,Battle of Taste Buds
tt3861756,Barely Legal Fun in Sun
tt3884528,Batkid Begins: The Wish Heard Around World
tt3900572,Barbie as Island Princess
tt3913578,Back to Beach Boys
tt3921852,Barbie and Secret Door
tt3946504,Ballentine: Top of World
tt3961586,Baby Congress Tackles Fiscal Cliff
tt3970702,Bates Motel Inside Casting Room
tt3977636,Back to Horn
tt3983242,Back to Butcher
tt4000826,Bait or Trapped by Truth
tt4023528,Bangin' Boss 3
tt4040660,Back from Bermuda Depths
tt4048644,Baptized by Weekend
tt4049528,Bard of Village
tt4052502,Battlefield: Home: Breaking Silence
tt4081284,Back on Prowl 4
tt4093294,Barry Berry Bear and Abigail Ann
tt4102430,Back at Ranch
tt4103056,Back to Summer
tt4144368,Back to Soil
tt4157994,Battle on Streets of Smallville
tt4170994,Balls to Wall
tt4174090,Bar Big Boss
tt4182026,Barbi Meets Brothas
tt4190730,Back to Dark Ages
tt4193824,Banner on Moon
tt4200198,Back in No
tt4200360,Battle of Subconsious Mind
tt4205426,Bad Vegan and Teleportation Machine
tt4217916,Baggage on Road
tt4226368,Battle of Damned
tt4227754,Bar Rescue: Back to Bar
tt4257480,Ballad of Pumpkin
tt4257998,Battle of Gods
tt4261620,Back from Brink: Heroin's Antidote
tt4278010,Back from Grave
tt4283088,Battle of Bastards
tt4289450,Bare Sun
tt4302122,"Bardo, Message"
tt4355656,Batman: The Birth of Modern Blockbuster
tt4427856,Back on Blades: A Pretentious Documentary
tt4437760,Bad Asses on Bayou: Behind Scenes
tt4454662,Bacon to Core
tt4483136,Battle of Babysitter
tt4506980,Bannister: Everest on Track
tt4513038,Back in Saddle
tt4542176,Back from Light
tt4607540,Back to Future: Hilarious Outtakes
tt4622512,Battle of Sexes
tt4623270,Back to Future... The Pinball
tt4641860,Back to Future: Back in Time Video Slots
tt4666754,Back to Yard: The Seadog Jack Tarr
tt4682494,Banks of Ohio
tt4693418,Back to Jurassic
tt4695956,Back Up Mountain
tt4723840,Bareback'n in Barrio
tt4767070,Battle Over American Flag!/Stolen Vehicle for Sale?!
tt4778252,Batman Beyond: Night of Pickpocket
tt4782164,Back to Fuhrer
tt4790178,Bank on Move
tt4835228,Bad to Boner
tt4836978,Ballin in Fall of America: When Everything Else Fails
tt4871034,Balling in John
tt4890770,Battle of Sexes
tt4900044,Battle of Exes
tt4906588,Bats of Round Table
tt4906656,Batman vs. Robin: Talon of Owls
tt4914408,Ballard and Rook
tt4919642,Battle of Superfreaks
tt4945918,Back to 70's: Of Wine & Weed
tt4961498,Back to Future: The Game - 30th Anniversary Edition
tt4968052,Batman's 4th of July with Villians
tt4978488,Back to World
tt4998566,Balancing Act: Portraits of Modern Family
tt5016418,Bad Intentions: Pornstars on Loose
tt5028738,Banners in Sky
tt5042426,Barbie & Her Sisters in Great Puppy Adventure
tt5043040,Back to Coast
tt5063144,Bargain Babe Does Fashion District
tt5072966,Bash at Lick
tt5079408,Battle of Big Ones
tt5079408,Battle of Big Ones: The Milking of Minkal
tt5088700,Babymamas Hit Bricks
tt5122780,Back to Future Part IV: Back in Timeline
tt5124786,Back to 2015 Future
tt5136460,Battle of Best Men
tt5162276,Back to Future: Doc Brown Saves World
tt5181838,Back to Future?
tt5183766,Back to Future: Michael J. Fox Q&A
tt5190598,Battle of Sexes: 1st Ever Woman vs Man Cage Match
tt5204364,Battleship: Greg Gadson and Center for Intrepid
tt5206888,Bad to Bone
tt5215706,Battle Over Magic Rings
tt5302352,Back in Step with Fly Girls
tt5306880,Back to Present
tt5334852,Battered: Behind Lens
tt5334978,Bambi: The Magic Behind Masterpiece
tt5342004,Baby Sitting Shenanigans/A New Kit on Block/Kitty Sitter
tt5378572,Balbir Barber
tt5430728,Back in Day: A Documentary of Riff Raff Kings
tt5431806,Bad for Soul
tt5498664,Barack Around Clock
tt5524024,Back to Future Part 2: Behind Scenes
tt5524040,Back to Future Part 3: Behind Scenes
tt5524052,Back to Future: Behind Scenes
tt5554600,Bad Day at Office
tt5565326,Back to Future: The Animated Series Revisited
tt5589990,Back at Bar
tt5619342,Battle for Green Destiny
tt5619434,Back of Benz: Joanna Hillman and Sam Broekema of 'Harper's Bazaar'
tt5631858,Back to Party
tt5653514,Bad Day for Cut
tt5676852,Barry Bear
tt5693362,Bailiff Caught in Middle!/Boyfriend Beatdown?!
tt5724260,Barty's Brew Ha Ha 2: The Legend of Skeleton's Curse
tt5724268,Barty's Brew Ha Ha 3: The Myth of Yeti's Legend
tt5724302,Barty's Brew Ha Ha 4: Tale of Legend of Crystal Chubacabra
tt5731540,Back to 90's
tt5748508,Battle of Bands
tt5783240,Back to past by photos
tt5835712,Battle at Binary Stars
tt5890454,Back at Staircase
tt5895102,Back on Map
tt5916958,Batcave: Legacy of Lair
tt5938888,Babysitting Baumgartners
tt5941758,Back Into Black: More Stories from Set
tt5970966,Battle Big Tuna
tt5970966,Battle of Big Tuna
tt5973626,Batman: Return of Caped Crusaders
tt5977622,Battle of Brides
tt5988932,Batman Dawn of Knight
tt6008678,Battle of Reporters
tt6053564,Back on Market
tt6077094,Bad & Birdieman
tt6098296,Balancing Scales
tt6111158,Babar Borrible
tt6119108,Bad for Boats
tt6142314,Batman and Face of Crime
tt6147630,Barry Bruiser and Revenge of Lucy Leggs
tt6196940,Bacterium & Brothers Panitch
tt6228902,"Banjoes, Fiddles & Riverboats: John Hartford and General Jackson"
tt6247130,Back to Mall
tt6254598,Battle of Boobs
tt6261328,Baby Steps/Brawl in Family
tt6267254,Battle of Ex-Besties
tt6273804,Back to Future: Legends
tt6314154,Bagels in Blood
tt6325368,Back Into Cold
tt6335276,Barons of River Styx: Our Lady of Sorrow
tt6381486,Barbie and Sensations: Rockin' Back to Earth
tt6420754,Barbara Ingram School for Arts: Visual Arts
tt6430246,Basketball (Girls & Boys): Natomas Nighthawks at Capital Christian Cougars Doubleheader
tt6440632,Barack Obama Elected 44th President of United States
tt6461156,Ballad of Dreadnought
tt6490694,Back to Fatherland
tt6498730,Battle Grounds: hard hits of female poppers
tt6502518,"Basketball, Lies and Police!/Wedding Kiss and Make-Up?"
tt6524596,Back in World
tt6541138,Basketball (Girls): McClatchy Lions at Sacramento Dragons
tt6553688,Battle of Nerds
tt6588172,Battle of Cursed: The Two Kings
tt6612704,Back to Bronx with Writer Richard Price
tt6628394,Bad Times at El Royale
tt6649020,Battle of WWF Superstars
tt6711336,Back to Lab: A Bones Retrospective
tt6722782,Batman: Return of Joker
tt6739598,Battle Realms: Winter of Wolf
tt6820722,Battle of Sticks
tt6834272,Barry Levinson: Cross-examining Screenwriter
tt6849338,Battle Wolf
tt6853116,Backstage with Winners at 2017 Daytime Emmys on KNEKT TV
tt6857648,Back Corner Around Front
tt6866254,Back of House Brawls
tt6897088,Baywatch of Caribbean
tt6935944,Back to Grind
tt6939460,Back Blue
tt6945514,Bath House Incest - Mother and Son Fuck In Bath Yuna Takase
tt6987928,Back to Killing Season
tt7058516,Batman Dawn of Knight
tt7076968,Batman Rise of Red Hood
tt7080236,Bambi and Misfits
tt7086776,Backstreet Boys: Show Me Meaning of Being Lonely
tt7087208,Backstreet Boys: Get Down (You're One for Me)
tt7098254,Ballin... On Other Side of World
tt7110774,Back to 80's
tt7115526,Battle of Network Stars
tt7149276,Backstage at O
tt7153272,Bad for Future
tt7195820,Bashed in USA
tt7250028,Badminton to Bone
tt7254816,Backstage at Grammys
tt7257920,Backstage at American Music Awards
tt7257986,Battle of Monster Trucks
tt7282144,Back Behind Kit
tt7289190,Barbie LIVE! In Dreamhouse
tt7289978,Baby Using Bathroom
tt7322746,Battle of Filmmakers
tt7333982,Basketball County: In Water
tt7352460,Battle Squadron Alpha: Legends of Time War
tt7441102,Ball in Family
tt7510306,Back from Future
tt7524562,Babies to world
tt7530374,Barry Blobfish
tt7533170,"Babyface Featuring LL Cool J, Howard Hewett, Jody Watley, and Jeffrey Daniel: This Is for Lover in You"
tt7541972,Bangers to Bible
tt7634470,Battle to Save Sea
tt7756146,Barry Mickey Ultimate Human
tt7759070,Basketball: (Boys) Running with Pack Semi-Final: El Capitan Gauchos vs. Manteca Gouchos
tt7759088,Basketball (Boys): Running with Pack Semi-final: Elk Grove Thundering Herd vs. Cosumnes Oaks Wolfpack
tt7791744,Ballad of Druggers
tt7855932,Ballet in shadows
tt7906386,Barren and Empty Sea
tt8006374,Baba Yaga: Terror of Dark Forest
tt8009790,Batso and Wall
tt8046426,Back in Game
tt8211214,Back of Net
tt8325336,Basilica of Jesus Adolescent
tt8342616,Barney Beaver's Sideshow FunTime
tt8373320,Back from Edge
tt8401226,Battle of Air Bands
tt8502916,Ballad of Wall
tt8504428,Battle Hymn of Republic: Modified for Relevance
tt8638586,Battle of Bottoms 4
tt8665874,Baseball Bat: Resurrection of Stub
tt8685832,Basada feat. Aspen: This is Life
tt8697382,Back to Grind
tt8714598,Baby Ariel/BJ Chicago Kid
tt8727550,Baby With Bath Water
tt8742636,Battle of Bottoms 5
tt8747222,Bang Bang Goes Gun!
tt8751742,Babyface: For Cool in You
tt8774168,Back to Wall
tt8797556,Battle of Bulge 7
tt8828488,Backed Against Wall
tt8833336,Back to Bar: The Tradewinds of Change
tt8855974,Banker by Lake
tt8876138,Background of movie
tt8908536,Battle of Street Vendors
tt8951508,Battle of Minions
tt9038164,Back to Future Part II
tt9061348,"Bali, Enchanted Isle"
tt9068190,Barbara Rubin and Exploding NY Underground
tt9168944,Back to Studio
tt9228722,Bad Kids on Block
tt9237988,Back to Peaceful Sea
tt9254636,Barney: Dinos in Park
tt9257520,Back in Saddle
tt9302090,Bat Girl Goes Bonkers?!/Separation and Single Mother
tt9324578,Battle on Midway - A Dual for Valor
tt9337522,Baron Von Wolfstein Presents Saturday Night with Monsters
tt9353886,Barry at Bar
tt9376890,Backs Against Wall: The Howard Thurman Story
tt9419212,Bad to Bone
tt9419426,Back in Deli Department
tt9425204,Battle of Millennial Mind
tt9441394,Barbarian Utopia: Encounters on Appalachian Trail
tt9500844,Barry Manilow with Kid Creole and Coconuts: Hey Mambo
tt9551604,Basketball (Boys): Cordova Classic Winners Semi-Final El Cerrito Gauchos vs. Kennedy Tigers
tt9585950,Back on Water
tt9590598,Back in Deli Department 2: Exit to Your Right
tt9597922,Back to Goode Life
tt9708438,Ballad of Colorado Ute
tt9736408,Back from Dead
tt9797742,Back to Roots: Trashumancia
tt9810312,Battle of Dark Universe.
tt9827926,Back to Fan Film
tt9833494,Battle of Bands
tt9889286,Back to '50s