"﻿Abbott, David C.","﻿Abbott, David C."
Abelian Higgs model,Abelian Higgs model
aberration of stellar light,aberration of stellar light
Abney’s law of additivity,Abney’s law of additivity
Abelian string,Abelian string
A-boundary,A-boundary
absolute humidity,absolute humidity
absorptance,absorptance
absorption coefficient,absorption coefficient
absolute magnitude,absolute magnitude
absorption cross-section,absorption cross-section
absolute space and time,absolute space and time
absorption efficiency factor,absorption efficiency factor
absorption fading,absorption fading
absolute viscosity,absolute viscosity
absorption line,absorption line
absolute zero,absolute zero
abstract index notation,abstract index notation
Absorbance,Absorbance
abyssal circulation,abyssal circulation
abyssal plain,abyssal plain
acceleration due to gravity (g),acceleration due to gravity (g)
accreted terrain,accreted terrain
Accretion,Accretion
accretionary prism (accretionary wedge),accretionary prism (accretionary wedge)
accretion disk,accretion disk
"accretion, hypercritical","accretion, hypercritical"
"accretion, Super-Eddington","accretion, Super-Eddington"
Achilles,Achilles
Achondrite,Achondrite
"accretion, Eddington","accretion, Eddington"
achromatic objective,achromatic objective
achronal set,achronal set
acoustic tomography,acoustic tomography
activation entropy ( Sa ),activation entropy ( Sa )
Actinides,Actinides
Action,Action
activation volume ( V ),activation volume ( V )
active continental margin,active continental margin
active fault,active fault
activation energy (Ha ),activation energy (Ha )
active front,active front
active region,active region
active galactic nuclei (AGN),active galactic nuclei (AGN)
Adiabat,Adiabat
adiabatic atmosphere,adiabatic atmosphere
active margins,active margins
adiabatic condensation point,adiabatic condensation point
adiabatic cooling,adiabatic cooling
adiabatic invariant,adiabatic invariant
adiabatic deceleration,adiabatic deceleration
adiabatic lapse rate,adiabatic lapse rate
ADM form of the Einstein–Hilbert action,ADM form of the Einstein–Hilbert action
adiabatic dislocation,adiabatic dislocation
adiabatic equilibrium,adiabatic equilibrium
adiabatic index,adiabatic index
ADV (Acoustic Doppler Velocimeter),ADV (Acoustic Doppler Velocimeter)
ADM mass,ADM mass
advance of the perihelion,advance of the perihelion
Advection,Advection
Adrastea,Adrastea
advection dominated accretion disks,advection dominated accretion disks
affine connection,affine connection
advective heat transfer (or advective heat transport),advective heat transfer (or advective heat transport)
Aeolian,Aeolian
Aerosol,Aerosol
African wave,African wave
Aesthenosphere,Aesthenosphere
airfoil probe,airfoil probe
afternoon cloud (Mars),afternoon cloud (Mars)
Airglow,Airglow
air gun,air gun
aftershocks,aftershocks
ageostrophic flow,ageostrophic flow
Airy compensation,Airy compensation
agonic line,agonic line
Airy isostasy,Airy isostasy
Air,Air
Airy wave theory,Airy wave theory
"Aitken, John","Aitken, John"
Aitken nucleus coun,Aitken nucleus coun
Alba Patera,Alba Patera
Airy phase,Airy phase
Albedo,Albedo
albedo of a surface,albedo of a surface
albedo of single scattering,albedo of single scattering
Alcyone,Alcyone
Aldebaran,Aldebaran
Alfvénic fluctuation,Alfvénic fluctuation
Alfvénicity,Alfvénicity
albedo neutrons,albedo neutrons
Alfvén layer,Alfvén layer
Alfvén shock,Alfvén shock
Alfvén’s theorem,Alfvén’s theorem
Alfvén wave,Alfvén wave
Algol system,Algol system
Allan Hills meteorite,Allan Hills meteorite
allowed orbits,allowed orbits
all sky camera,all sky camera
Alluvial,Alluvial
alluvial fan,alluvial fan
alongshore sediment transport,alongshore sediment transport
Alpha Centauri,Alpha Centauri
alpha particle,alpha particle
Altair,Altair
alternate depths,alternate depths
Altitude,Altitude
α effect,α effect
Alpha effect,Alpha effect
Amalthea,Amalthea
Amazonian,Amazonian
Amor asteroid,Amor asteroid
Ampere,Ampere
"Ambartsumian, Viktor Amazaspovich","Ambartsumian, Viktor Amazaspovich"
Ampere’s law,Ampere’s law
amphidrome (amphidromic point),amphidrome (amphidromic point)
Am star,Am star
ambipolar field,ambipolar field
anabatic wind,anabatic wind
Analemma,Analemma
Anemometer,Anemometer
Ananke,Ananke
angle of repose,angle of repose
angle-redshift test,angle-redshift test
Andromeda galaxy,Andromeda galaxy
anelastic deformation,anelastic deformation
Ångström (Å),Ångström (Å)
anisotropic turbulence,anisotropic turbulence
angular diameter distance,angular diameter distance
anisotropic universe,anisotropic universe
Anisotropy,Anisotropy
angular momentum L = r × p,angular momentum L = r × p
angular velocity (ω),angular velocity (ω)
Anisotropic,Anisotropic
annual flood,annual flood
annular eclipse,annular eclipse
anisotropic scattering,anisotropic scattering
anomalistic month,anomalistic month
anomalistic year,anomalistic year
anomalous resistivity,anomalous resistivity
Anomaly,Anomaly
"anomaly, South Atlantic","anomaly, South Atlantic"
Anoxia,Anoxia
Antarctic circle,Antarctic circle
antarctic circumpolar current,antarctic circumpolar current
Antarctic ozone depletion,Antarctic ozone depletion
Anorthosite,Anorthosite
Antarctic ozone hole,Antarctic ozone hole
Antarctic Zone,Antarctic Zone
Antares,Antares
anthropic principle,anthropic principle
Anticyclone,Anticyclone
Anticyclonic,Anticyclonic
Antidune,Antidune
Antinode,Antinode
aperture synthesis,aperture synthesis
Aphelion,Aphelion
Antiparticle,Antiparticle
aphotic zone,aphotic zone
Apastron,Apastron
Ap index,Ap index
aperture correction,aperture correction
Apoapsis,Apoapsis
Apollo asteroid,Apollo asteroid
Ap star,Ap star
apparent horizon,apparent horizon
Aquifer,Aquifer
apparent magnitude,apparent magnitude
apparent optical property (AOP),apparent optical property (AOP)
AOP,AOP
Aquitard,Aquitard
apparent solar time,apparent solar time
Arago point,Arago point
Apse,Apse
Arcade,Arcade
Archaeoastronomy,Archaeoastronomy
Archaeomagnetism,Archaeomagnetism
arc minute,arc minute
Archean,Archean
Archimedes’ principle,Archimedes’ principle
Archimedian spiral,Archimedian spiral
arc second,arc second
Arctic circle,Arctic circle
arctic oscillation (AO),arctic oscillation (AO)
Argon,Argon
Arcturus,Arcturus
argument of periapse,argument of periapse
Ariel,Ariel
Arnowitt–Deser–Misner (ADM) decomposition of the metric,Arnowitt–Deser–Misner (ADM) decomposition of the metric
array seismic observation,array seismic observation
arrow of time,arrow of time
Asperity,Asperity
Association,Association
A star,A star
Asterism,Asterism
Asteroid,Asteroid
ascending node,ascending node
aseismic front,aseismic front
aseismic region,aseismic region
asteroid classification,asteroid classification
Astrochemistry,Astrochemistry
asteroid orbital classification,asteroid orbital classification
astrometric binary,astrometric binary
Astrometry,Astrometry
astronomical latitude,astronomical latitude
Asterope,Asterope
Asthenosphere,Asthenosphere
astronomical refraction,astronomical refraction
astronomical scintillation,astronomical scintillation
"astronomy, infrared: interstellar grains, comets, satellites, and asteroids","astronomy, infrared: interstellar grains, comets, satellites, and asteroids"
"astronomy, ultraviolet: interstellar","astronomy, ultraviolet: interstellar"
astronomical tide,astronomical tide
astronomical twilight,astronomical twilight
"astronomy, infrared","astronomy, infrared"
"astronomy, ultraviolet: interstellar","astronomy, ultraviolet: interstellar"
asymmetry factor,asymmetry factor
asymmetry parameter,asymmetry parameter
Asymptotic,Asymptotic
asymptotically simple space-time,asymptotically simple space-time
asymptotic diffuse attenuation coefficient,asymptotic diffuse attenuation coefficient
asymptotic flatness,asymptotic flatness
asymptotic regime,asymptotic regime
Aten asteroid,Aten asteroid
Atlas,Atlas
Atmosphere,Atmosphere
asymptotic giant branch (AGB) star,asymptotic giant branch (AGB) star
atmospheric electric field,atmospheric electric field
atmosphere effect,atmosphere effect
atmospheric angular momentum,atmospheric angular momentum
atmospheric noise,atmospheric noise
atmospheric pressure,atmospheric pressure
Atmospherics,Atmospherics
atmospheric conductivity,atmospheric conductivity
atomic time,atomic time
atmospheric tide,atmospheric tide
attenuation coefficient,attenuation coefficient
atomic mass,atomic mass
atomic number,atomic number
attenuation efficiency factor,attenuation efficiency factor
atomic structure calculations — one-electron models,atomic structure calculations — one-electron models
Aulacogen,Aulacogen
Aurora,Aurora
auroral oval,auroral oval
aurora australis,aurora australis
aurora borealis,aurora borealis
auroral cavity,auroral cavity
auroral electrojet,auroral electrojet
auroral zone,auroral zone
autumnal equinox,autumnal equinox
available potential energy,available potential energy
Avalanche,Avalanche
average cosine,average cosine
average matter-density,average matter-density
Avogadro’s number,Avogadro’s number
away polarity,away polarity
AXAF,AXAF
Averaging,Averaging
axial dipole principle,axial dipole principle
axionic string,axionic string
Azimuth,Azimuth
,
,
,
,
Baade–Wesselink method,Baade–Wesselink method
back scattering,back scattering
backscattering coefficient,backscattering coefficient
backscattering fraction,backscattering fraction
Backshore,Backshore
Babinet point,Babinet point
Backus effect,Backus effect
baby universe,baby universe
backarc spreading,backarc spreading
Baily’s beads,Baily’s beads
Ballerina model,Ballerina model
Balmer series,Balmer series
Barnard’s star,Barnard’s star
banner cloud,banner cloud
baroclinic atmosphere or ocean,baroclinic atmosphere or ocean
Bar,Bar
bar detectors,bar detectors
baroclinic instability,baroclinic instability
barium release,barium release
baroclinic wave,baroclinic wave
barotropic atmosphere or ocean,barotropic atmosphere or ocean
Barotropy,Barotropy
barotropic instability,barotropic instability
barred galaxies,barred galaxies
Barycentric Dynamical Time (TDB),Barycentric Dynamical Time (TDB)
barrier island,barrier island
Baryogenesis,Baryogenesis
Barriers,Barriers
Barycentric CoordinateTime (TCB),Barycentric CoordinateTime (TCB)
Basalt,Basalt
basaltic lava,basaltic lava
Batchelor scale,Batchelor scale
Basement,Basement
basic MUF,basic MUF
Batchelor spectrum,Batchelor spectrum
beach cusps,beach cusps
Beachface,Beachface
beach mining,beach mining
beach morphology,beach morphology
beach nourishment,beach nourishment
Batchelor wavenumber,Batchelor wavenumber
beach profile,beach profile
beach ridge,beach ridge
beam attenuation coefficient,beam attenuation coefficient
Batholith,Batholith
Bathymetry,Bathymetry
B-boundary,B-boundary
"beams, ion","beams, ion"
Benard cell,Benard cell
beam spread function,beam spread function
beam transmissometer,beam transmissometer
Beaufort wind scale,Beaufort wind scale
Benioff zone,Benioff zone
Benthic,Benthic
bed load,bed load
Benthos,Benthos
Beer’s law,Beer’s law
Bergen school,Bergen school
Belinda,Belinda
"Bergeron, Tor","Bergeron, Tor"
Besselian year,Besselian year
Berm,Berm
Bernoulli equation,Bernoulli equation
beta decay,beta decay
Beta-effect,Beta-effect
BetaLyrae systems,BetaLyrae systems
Bianchi classification,Bianchi classification
beta-plane approximation,beta-plane approximation
biased vacuum states (domain wall),biased vacuum states (domain wall)
Bianca,Bianca
biasing parameter,biasing parameter
bidirectional reflection distribution function (BRDF),bidirectional reflection distribution function (BRDF)
"bias frame, bias overscan","bias frame, bias overscan"
Big Bang,Big Bang
Big Bang flatness problem,Big Bang flatness problem
Big Bang cosmology,Big Bang cosmology
Big Bang horizon problem,Big Bang horizon problem
binary black holes,binary black holes
Big Bang nucleosynthesis,Big Bang nucleosynthesis
big blue bump,big blue bump
binary fraction,binary fraction
binary pulsar,binary pulsar
"binaries, X-ray X","binaries, X-ray X"
binary star,binary star
binary star system,binary star system
Bioluminescence,Bioluminescence
Biomass,Biomass
biosphere,biosphere
Biot–Savartlaw,Biot–Savartlaw
BIPM,BIPM
bipolar flow,bipolar flow
Birkeland current,Birkeland current
Birkhoff theorem (1923),Birkhoff theorem (1923)
biogenic stratification,biogenic stratification
black-body radiation,black-body radiation
Bjerknes,Bjerknes
Bjerknes feedback,Bjerknes feedback
blackbody temperature,blackbody temperature
black aurora,black aurora
black frost,black frost
black hole,black hole
black hole binary,black hole binary
black hole horizon,black hole horizon
Blazar,Blazar
Blizzard,Blizzard
BL Lacertae,BL Lacertae
black ice,black ice
blast wave shock,blast wave shock
BL Lacertae object,BL Lacertae object
blue ice,blue ice
Blocking,Blocking
blue jet,blue jet
blue straggler,blue straggler
blocking patterns,blocking patterns
blue clearing (Mars),blue clearing (Mars)
body waves,body waves
Bogomol’nyi bound,Bogomol’nyi bound
bolometric magnitude/luminosity,bolometric magnitude/luminosity
Bohr’s theory of atomic structure,Bohr’s theory of atomic structure
Bondi mass,Bondi mass
Bonnor symmetry,Bonnor symmetry
bolide,bolide
bolometric correction (B.C.),bolometric correction (B.C.)
Bore,Bore
borrow site,borrow site
Boson,Boson
boson star,boson star
Bouguer–Lambert law (Bouguer’s law),Bouguer–Lambert law (Bouguer’s law)
bounce motion,bounce motion
boundary conditions,boundary conditions
Bouguer correction,Bouguer correction
boundary layer pumping,boundary layer pumping
Boussinesq approximation,Boussinesq approximation
Boussinesq assumption,Boussinesq assumption
Bouguer gravity anomaly,Bouguer gravity anomaly
Bragg Crystal Spectrometer (BCS),Bragg Crystal Spectrometer (BCS)
Boussinesq equation,Boussinesq equation
Bowen’s ratio,Bowen’s ratio
Boyle’s law,Boyle’s law
braided river,braided river
Brans–Dicke theory,Brans–Dicke theory
Boyle’s law,Boyle’s law
Brackett series,Brackett series
Bragg angle,Bragg angle
Brazil current,Brazil current
breaker zone,breaker zone
Breakwater,Breakwater
Breccias,Breccias
Brightness,Brightness
brightness temperature,brightness temperature
Bremsstrahlung,Bremsstrahlung
bremstrahlung [thermal],bremstrahlung [thermal]
Brewster point,Brewster point
bright point,bright point
brittle behavior (brittle fracture),brittle behavior (brittle fracture)
broad line region,broad line region
brittle-ductile transition,brittle-ductile transition
brittle-plastic transition,brittle-plastic transition
broad line radio galaxies,broad line radio galaxies
brown dwarf,brown dwarf
buoyancy flux,buoyancy flux
Brunt frequency,Brunt frequency
Brunt–Väisälä frequency,Brunt–Väisälä frequency
Bstar,Bstar
Bulkhead,Bulkhead
bulk modulus,bulk modulus
bulk parameters,bulk parameters
buoyancy frequency,buoyancy frequency
Buoyancy,Buoyancy
buoyancy Reynolds number,buoyancy Reynolds number
Bureau International des Poids et Mesures (BIPM),Bureau International des Poids et Mesures (BIPM)
BIPM,BIPM
buoyancy scale,buoyancy scale
buoyancy scaling,buoyancy scaling
Burgers vector (b),Burgers vector (b)
Burst,Burst
bursty bulk flows,bursty bulk flows
Butcher–Oemler effect,Butcher–Oemler effect
buoyancy subrange,buoyancy subrange
butterfly diagram,butterfly diagram
Byerlee’s law,Byerlee’s law
Buys Ballots Law,Buys Ballots Law
B-value,B-value
Bypass,Bypass
,
,
,
,
,
,
Cabbeling,Cabbeling
Caldera,Caldera
Calendar,Calendar
California current,California current
California nebula,California nebula
Callan–Rubakov effect,Callan–Rubakov effect
cable,cable
CAI,CAI
Callisto,Callisto
calorie,calorie
Calypso,Calypso
Canary current,Canary current
canonical transformation,canonical transformation
candela,candela
canonical momentum,canonical momentum
Capella,Capella
CAPE (Convective Available Potential Energy),CAPE (Convective Available Potential Energy)
capillarity correction,capillarity correction
capillary fringe,capillary fringe
capillary wave,capillary wave
carbon-14 dating,carbon-14 dating
Canopus,Canopus
cap cloud,cap cloud
carbonaceous chondrite,carbonaceous chondrite
carbon monoxide,carbon monoxide
carbon burning,carbon burning
carbon cycle,carbon cycle
carbon star,carbon star
Caribbean current,Caribbean current
carbon dioxide,carbon dioxide
Carme,Carme
Carnot cycle,Carnot cycle
Carrington longitude,Carrington longitude
Carrington rotation,Carrington rotation
Carter–Peter model,Carter–Peter model
Carnot efficiency,Carnot efficiency
Carnot engine,Carnot engine
Cartesian coordinates [in a plane],Cartesian coordinates [in a plane]
Cartesian coordinates [in space],Cartesian coordinates [in space]
Cartesian coordinates,Cartesian coordinates
Casagrande size classification,Casagrande size classification
case 1 water,case 1 water
case 2 water,case 2 water
Cassegrainian,Cassegrainian
Cassiopeia A,Cassiopeia A
Castor,Castor
"Castor, John I","Castor, John I"
Cassini,Cassini
cataclysmic variable (cataclysmic binary),cataclysmic variable (cataclysmic binary)
Cassini’s division,Cassini’s division
cataclysmic variables [phenomenological classification of],cataclysmic variables [phenomenological classification of]
cataclysmic variables [physical parameters],cataclysmic variables [physical parameters]
cataclysmic variable [binary models of],cataclysmic variable [binary models of]
cataclysmic variable [galactic distribution],cataclysmic variable [galactic distribution]
catastrophic formation of solar system,catastrophic formation of solar system
cataclysmic variable [outbursts],cataclysmic variable [outbursts]
Cauchy singularity,Cauchy singularity
causal boundary,causal boundary
causal curve,causal curve
causal future/past,causal future/past
causality relations,causality relations
cD galaxies,cD galaxies
Celaeno,Celaeno
Celerity,Celerity
Celerity,Celerity
"cavity, magnetic","cavity, magnetic"
celestial equator,celestial equator
CCD,CCD
celestial poles,celestial poles
celestial sphere,celestial sphere
"Celsius, Anders","Celsius, Anders"
Celsius scale,Celsius scale
Centaur,Centaur
Centigrade scale,Centigrade scale
centimeter burst,centimeter burst
central meridian passage,central meridian passage
Centaurus A (Cen A),Centaurus A (Cen A)
central peak,central peak
center of figure,center of figure
center of mass,center of mass
central pit,central pit
Cepheid variable,Cepheid variable
centrifugal force,centrifugal force
centroid moment tensor (CMT),centroid moment tensor (CMT)
Cerenkov radiation,Cerenkov radiation
Ceres,Ceres
CGS (Centimeter-Gram-Second),CGS (Centimeter-Gram-Second)
Chalcophile,Chalcophile
Challenger Deep,Challenger Deep
Chandler wobble,Chandler wobble
Chandrasekhar limit (or Chandrasekhar mass),Chandrasekhar limit (or Chandrasekhar mass)
Chapman layer,Chapman layer
Chaos,Chaos
chaotic cosmology,chaotic cosmology
chaotic system,chaotic system
chaotic terrain,chaotic terrain
characteristic earthquake,characteristic earthquake
"characteristics, method of","characteristics, method of"
charge exchange,charge exchange
Chenier,Chenier
"Chezy coefficient, Chezy equation","Chezy coefficient, Chezy equation"
Charles’ Law,Charles’ Law
Charon,Charon
Chlorinity,Chlorinity
Chlorophyll,Chlorophyll
Chondrite,Chondrite
chemically peculiar star,chemically peculiar star
"chondrite, carbonaceous","chondrite, carbonaceous"
"chondrite, ordinary","chondrite, ordinary"
Chondrule,Chondrule
chromospheric heating,chromospheric heating
Christoffel symbol,Christoffel symbol
chronological future/past,chronological future/past
CHUMP (Charged Hypothetical Ultra Massive Particle),CHUMP (Charged Hypothetical Ultra Massive Particle)
Chromosphere,Chromosphere
chromatic aberration,chromatic aberration
chromospheric evaporation,chromospheric evaporation
cigar distribution,cigar distribution
Circulation,Circulation
Cirrus,Cirrus
CISK (Convective Instability of the Second Kind),CISK (Convective Instability of the Second Kind)
civil time,civil time
Clapotis,Clapotis
civil twilight,civil twilight
classical radius of electron,classical radius of electron
Clapeyron–Clausius equation,Clapeyron–Clausius equation
classical radius of electron,classical radius of electron
Clathrate,Clathrate
Clay,Clay
clear air turbulence (CAT),clear air turbulence (CAT)
"cleft, polar","cleft, polar"
climate regimes,climate regimes
climatic optimum,climatic optimum
closed magnetosphere,closed magnetosphere
clump star,clump star
CNO cycle (or tricycle),CNO cycle (or tricycle)
closed universe,closed universe
cloud classification,cloud classification
cnoidal wave,cnoidal wave
coastal jet,coastal jet
coastally trapped waves,coastally trapped waves
coastal ocean,coastal ocean
coastal upwelling or downwelling,coastal upwelling or downwelling
Cobpoint,Cobpoint
coda wave,coda wave
Coastal Zone Color Scanner (CZCS),Coastal Zone Color Scanner (CZCS)
Cobble,Cobble
coble creep (grain-boundary diffusion creep),coble creep (grain-boundary diffusion creep)
coefficient of thermal conductivity,coefficient of thermal conductivity
Coesite,Coesite
Cohesionless,Cohesionless
cohesive sediment,cohesive sediment
collision boundary,collision boundary
cohesive sediment,cohesive sediment
collisionless shock,collisionless shock
cold dark matter,cold dark matter
cold front,cold front
cold plasma,cold plasma
color-color diagram,color-color diagram
Coleman–Weinberg potential,Coleman–Weinberg potential
colored dissolved organic matter (CDOM),colored dissolved organic matter (CDOM)
color excess,color excess
Coma,Coma
color index,color index
Comet,Comet
color-magnitude diagram,color-magnitude diagram
comet(s): dirty iceball or snowball model,comet(s): dirty iceball or snowball model
comet(s): chemical composition of,comet(s): chemical composition of
comet(s): missions to,comet(s): missions to
"comet, artificial","comet, artificial"
compact group of galaxies,compact group of galaxies
Comminution,Comminution
common envelope,common envelope
Compaction,Compaction
compact steep spectrum radio sources,compact steep spectrum radio sources
common envelope binary,common envelope binary
comoving frame,comoving frame
Compensation,Compensation
"Compton, Arthur H.","Compton, Arthur H."
Compton cooling,Compton cooling
Compton reflection,Compton reflection
compensation depth,compensation depth
composite volcanos,composite volcanos
Compton scattering,Compton scattering
compound channel,compound channel
Compressibility,Compressibility
computational relativity,computational relativity
conducting string,conducting string
conductive heat transfer,conductive heat transfer
conductivity of water,conductivity of water
conformal infinity,conformal infinity
conduction (1.),conduction (1.)
conformal tensor,conformal tensor
Congruence,Congruence
conical spacetime,conical spacetime
Connection,Connection
connection longitude,connection longitude
Conics,Conics
conic section,conic section
conjugate depths,conjugate depths
Conrad discontinuity,Conrad discontinuity
Conjunction,Conjunction
conservation of angular momentum,conservation of angular momentum
conservation of energy,conservation of energy
Constellation,Constellation
constitutive law of frictional sliding,constitutive law of frictional sliding
constraint equations,constraint equations
conservation of momentum,conservation of momentum
conservative system,conservative system
continental drift,continental drift
contact binary,contact binary
Continent,Continent
continental climate,continental climate
continental collision,continental collision
continental margin,continental margin
continental plate,continental plate
continental shelf,continental shelf
continental shelf waves,continental shelf waves
Continuum,Continuum
contravariant vector,contravariant vector
Convection,Convection
convection zone,convection zone
convective adjustment,convective adjustment
convective cloud,convective cloud
convective heat transfer,convective heat transfer
convective instability,convective instability
convergent boundary,convergent boundary
convective scaling,convective scaling
convective turbulence,convective turbulence
convergent plate boundaries,convergent plate boundaries
conversion efficiency,conversion efficiency
cooling flow,cooling flow
coordinate singularity,coordinate singularity
Coordinated Universal Time (UTC),Coordinated Universal Time (UTC)
coordinate system,coordinate system
coordinate time,coordinate time
"Copernicus, Nicholas","Copernicus, Nicholas"
coplanarity theorem,coplanarity theorem
coordinate transformation in special relativity,coordinate transformation in special relativity
Cordelia,Cordelia
Cordillera,Cordillera
Core,Core
core convection,core convection
core collapse,core collapse
core-dominated quasars,core-dominated quasars
core flow,core flow
core-mantle coupling,core-mantle coupling
core-mantle boundary,core-mantle boundary
Coriolis,Coriolis
Coriolis effect(Coriolisforce),Coriolis effect(Coriolisforce)
corner frequency,corner frequency
Corona,Corona
"Coriolis, Gaspard Gustave de","Coriolis, Gaspard Gustave de"
Coriolis parameter,Coriolis parameter
coronal dimming,coronal dimming
Coronagraph,Coronagraph
coronal heating,coronal heating
coronal hole,coronal hole
Coronal Diagnostic Spectrometer (CDS),Coronal Diagnostic Spectrometer (CDS)
coronal lines,coronal lines
coronal loops,coronal loops
coronal rain,coronal rain
coronal transients,coronal transients
coronal trap,coronal trap
coronal mass ejection (CME),coronal mass ejection (CME)
corotating interaction region,corotating interaction region
cosmic censorship,cosmic censorship
coseismic deformation,coseismic deformation
cosine collector,cosine collector
cosmic abundance,cosmic abundance
cosmic microwave background,cosmic microwave background
"cosmic microwave background, quadrupole component","cosmic microwave background, quadrupole component"
"cosmic microwave background, dipole component","cosmic microwave background, dipole component"
"cosmic microwave background, spectral distortions","cosmic microwave background, spectral distortions"
"cosmic microwave background, temperature fluctuations","cosmic microwave background, temperature fluctuations"
cosmic nucleosynthesis,cosmic nucleosynthesis
cosmic phase transition,cosmic phase transition
cosmic rays,cosmic rays
cosmic spring,cosmic spring
cosmic texture,cosmic texture
cosmic topological defect,cosmic topological defect
cosmic string,cosmic string
Cosmochemistry,Cosmochemistry
cosmological constant,cosmological constant
cosmogenic nuclides,cosmogenic nuclides
cosmological constant problem,cosmological constant problem
cosmological model,cosmological model
cosmological principle,cosmological principle
Cosmology,Cosmology
coude focus,coude focus
Coulomb,Coulomb
Coulomb collisions,Coulomb collisions
Coulter counter®,Coulter counter®
Courant number,Courant number
covariant derivative,covariant derivative
covariant vector,covariant vector
Cox number,Cox number
Crab Nebula,Crab Nebula
Crab Pulsar,Crab Pulsar
CRAND (Cosmic Ray Albedo Neutron Decay),CRAND (Cosmic Ray Albedo Neutron Decay)
Crater,Crater
CP problem,CP problem
cratering record,cratering record
crater depth-diameter plots,crater depth-diameter plots
cratering rates,cratering rates
crater number: index of age,crater number: index of age
crater production function,crater production function
critical current (cosmic string),critical current (cosmic string)
crater saturation,crater saturation
critical density,critical density
critical depth,critical depth
Craton,Craton
Creep,Creep
critical flow,critical flow
critical frequency,critical frequency
Cressida,Cressida
critical level,critical level
critical phenomena in gravitational collapse,critical phenomena in gravitational collapse
critical velocity,critical velocity
cross helicity,cross helicity
critical point,critical point
critical temperature,critical temperature
Cross-section,Cross-section
Cross-shore,Cross-shore
cross slip,cross slip
cross waves,cross waves
Crust,Crust
crustal deformation,crustal deformation
crustal movement,crustal movement
CTD,CTD
CTRS,CTRS
cumulative size-frequency curves,cumulative size-frequency curves
Crystal,Crystal
Cumulus,Cumulus
crystallization age,crystallization age
Curie (Ci),Curie (Ci)
Curie point,Curie point
Curie point survey,Curie point survey
"current, gradient","current, gradient"
current instability (cosmic string),current instability (cosmic string)
Curl,Curl
"current, magnetization","current, magnetization"
"current, curvature","current, curvature"
current generation (cosmic string),current generation (cosmic string)
"current, polarization","current, polarization"
current quenching,current quenching
current saturation (cosmic string),current saturation (cosmic string)
currentscreening (cosmic string),currentscreening (cosmic string)
curvature invariant,curvature invariant
current sheet,current sheet
curvature tensor,curvature tensor
Curve,Curve
curved space-time,curved space-time
Curvature,Curvature
curvilinear coordinates [in space],curvilinear coordinates [in space]
curve of growth,curve of growth
curvilinear coordinates,curvilinear coordinates
curvilinear coordinates[in a plane],curvilinear coordinates[in a plane]
cusp (cosmic string),cusp (cosmic string)
"cusp, polar","cusp, polar"
cut-off rigidity,cut-off rigidity
cutoff energy,cutoff energy
Cyclone,Cyclone
Cyclongenesis,Cyclongenesis
cyclotron damping and instability,cyclotron damping and instability
Cygnus X1 (Cyg-X1),Cygnus X1 (Cyg-X1)
Cygnus Loop,Cygnus Loop
cyclotron frequency,cyclotron frequency
cyclotron radius,cyclotron radius
Cygnus A,Cygnus A
Cynthion,Cynthion
Cytherean,Cytherean
,
,
,
,
,
,
D layer,D layer
Dalton’s Law,Dalton’s Law
Darcy’s law,Darcy’s law
Darcy velocity (or specific discharge),Darcy velocity (or specific discharge)
Darcy–Weisbach friction factor,Darcy–Weisbach friction factor
dark cloud,dark cloud
dark matter,dark matter
"dark matter, cold","dark matter, cold"
dark nebula,dark nebula
dart leader,dart leader
data assimulation,data assimulation
"dark matter, hot","dark matter, hot"
Davidson current,Davidson current
Day,Day
daylight savings time,daylight savings time
DDO classification scheme,DDO classification scheme
dead zone,dead zone
Debye length,Debye length
decelleration parameter,decelleration parameter
Decibel,Decibel
Declination,Declination
Deep Space 1 (DS1),Deep Space 1 (DS1)
Deep Space 2,Deep Space 2
Decollement,Decollement
deep(-focus) earthquake,deep(-focus) earthquake
Deep Space Network (DSN),Deep Space Network (DSN)
deep water wav,deep water wav
defect,defect
Deferent,Deferent
deficit angle (cosmic string),deficit angle (cosmic string)
Degeneracy,Degeneracy
degree (temperature),degree (temperature)
Deflation,Deflation
deformation radius,deformation radius
de Hoffman–Teller frame,de Hoffman–Teller frame
Delta surface approximation,Delta surface approximation
Density,Density
density current,density current
density inversion,density inversion
Deimos,Deimos
Delta,Delta
Delta Scuti stars,Delta Scuti stars
depleted mantle,depleted mantle
depletion layer,depletion layer
depth of compensation,depth of compensation
Derrick theorem,Derrick theorem
Despina,Despina
Descartes ray,Descartes ray
Dessler–Parker–Sckopke (DPS) theorem,Dessler–Parker–Sckopke (DPS) theorem
Desdemona,Desdemona
deSitter Universe,deSitter Universe
Detritus,Detritus
Deuterium,Deuterium
deuterium burning,deuterium burning
de Vaucouleurs’ law,de Vaucouleurs’ law
de Vaucouleurs’ classification scheme,de Vaucouleurs’ classification scheme
deviative absorption,deviative absorption
deviatoric strain,deviatoric strain
deviatoric stress,deviatoric stress
Dew,Dew
dew point,dew point
Diel,Diel
Dex,Dex
dielectric strength,dielectric strength
dextral fault,dextral fault
Diapir,Diapir
differential charging,differential charging
Diapycnal,Diapycnal
differential emission measure,differential emission measure
dichotomy of Mars,dichotomy of Mars
differential heating/cooling,differential heating/cooling
Differentiation,Differentiation
differential rotation,differential rotation
Diffraction,Diffraction
diffraction grating,diffraction grating
diffuse absorption coefficient,diffuse absorption coefficient
diffuse attenuation coefficient,diffuse attenuation coefficient
diffuse aurora,diffuse aurora
diffuse galactic light,diffuse galactic light
diffuse scattering coefficient for downwelling (upwelling) irradiance,diffuse scattering coefficient for downwelling (upwelling) irradiance
Diffusion,Diffusion
diffusion-convection equation,diffusion-convection equation
diffuse interstellar bands (DIBs),diffuse interstellar bands (DIBs)
diffusion creep,diffusion creep
"diffusion, in pitch angle space","diffusion, in pitch angle space"
"diffusion, in momentum space","diffusion, in momentum space"
diffusively stable,diffusively stable
diffusive regime,diffusive regime
diffusive shock acceleration,diffusive shock acceleration
dilatancy model,dilatancy model
dilatation of time-Lorentz transformation,dilatation of time-Lorentz transformation
Dilaton,Dilaton
dilaton gravity,dilaton gravity
Dike,Dike
dilatonic black hole,dilatonic black hole
dimensional analysis,dimensional analysis
Dilution,Dilution
Dimension,Dimension
dimensional transmutation,dimensional transmutation
Dione,Dione
Dip-equator,Dip-equator
"dip, magnetic","dip, magnetic"
dip slip fault,dip slip fault
disappearing filament,disappearing filament
discordant redshift,discordant redshift
discharge coefficient,discharge coefficient
disconnection event,disconnection event
discrete aurora,discrete aurora
discrimination (seismic),discrimination (seismic)
dislocation creep,dislocation creep
disk warp,disk warp
dislocation energy (self-energy of dislocation),dislocation energy (self-energy of dislocation)
dislocation glide,dislocation glide
dislocation climb,dislocation climb
disparition brusque,disparition brusque
Dispersion,Dispersion
dissipation of fields,dissipation of fields
Dispersionlessinjection,Dispersionlessinjection
dispersion measure (DM),dispersion measure (DM)
Dispersive,Dispersive
displacement vector,displacement vector
Dissipation,Dissipation
dissipation of temperature variance,dissipation of temperature variance
dissipation of turbulent kinetic energy,dissipation of turbulent kinetic energy
dissipation profiler,dissipation profiler
dissipation range,dissipation range
dissolved organic matter,dissolved organic matter
distance indicator,distance indicator
distance modulus,distance modulus
Diurnal,Diurnal
dissipation rate,dissipation rate
divergent plate boundary,divergent plate boundary
diurnal motion,diurnal motion
Divergence,Divergence
divergence law for irradiance,divergence law for irradiance
divergence theorem,divergence theorem
divided bar,divided bar
D-layer,D-layer
divergent boundary,divergent boundary
dog days,dog days
Doldrums,Doldrums
domain of dependence,domain of dependence
Doodson number,Doodson number
domain of outer communication,domain of outer communication
domain wall,domain wall
Doppler beaming,Doppler beaming
dominant energy condition,dominant energy condition
Doppler broadening,Doppler broadening
Doppler dimming,Doppler dimming
Doppler shift,Doppler shift
double couple,double couple
Doppler effect,Doppler effect
double diffusion,double diffusion
double star,double star
downward (upward) irradiance diffuse attenuation coefficient,downward (upward) irradiance diffuse attenuation coefficient
downward (upward) radiance mean cosine,downward (upward) radiance mean cosine
downward (upward) scalar irradiance diffuse attenuation coefficient,downward (upward) scalar irradiance diffuse attenuation coefficient
Downwelling,Downwelling
double probe,double probe
draconitic month,draconitic month
drag coefficient,drag coefficient
Drift,Drift
dragging phenomenon,dragging phenomenon
"drift, curvature","drift, curvature"
Dredge,Dredge
D region,D region
"drift, electric","drift, electric"
"drift, gradient","drift, gradient"
"drift, magnetization","drift, magnetization"
Driftmeter,Driftmeter
dry freeze,dry freeze
duality in elastic string models,duality in elastic string models
"drift, polarization","drift, polarization"
driven shock,driven shock
Drizzle,Drizzle
Drumlins,Drumlins
drunkards walk,drunkards walk
dry-adiabatic lapse,dry-adiabatic lapse
ductile behavior,ductile behavior
Dune,Dune
dust storm,dust storm
dust storm (Mars),dust storm (Mars)
Dusk,Dusk
Dust,Dust
dwarf galaxy,dwarf galaxy
dwarf nova,dwarf nova
dynamical time (DT),dynamical time (DT)
dynamic height,dynamic height
dynamic meter,dynamic meter
dwarf spheroidal galaxies,dwarf spheroidal galaxies
dynamic meter,dynamic meter
dynamic pressure,dynamic pressure
dynamical friction,dynamical friction
dynamic recrystallization,dynamic recrystallization
Dynamics,Dynamics
dynamic viscosity,dynamic viscosity
Dynamo,Dynamo
,
,
,
,
"Eady, E.T.","Eady, E.T."
Eady model,Eady model
EAL,EAL
Earth,Earth
Earth Orbiter (EO-1),Earth Orbiter (EO-1)
earth orientation parameters (EOP),earth orientation parameters (EOP)
earth ellipsoid and flattening factor,earth ellipsoid and flattening factor
Earthquake,Earthquake
earthquake intensity,earthquake intensity
earthquake swarm,earthquake swarm
earthquake magnitude,earthquake magnitude
earthquake moment,earthquake moment
earth radius (RE),earth radius (RE)
earthquake precursor,earthquake precursor
earth rotation parameters (ERP),earth rotation parameters (ERP)
Earthshine,Earthshine
earthquake prediction,earthquake prediction
East Australian current,East Australian current
East Greenland current,East Greenland current
Magnitude distance (km) Felt Intensity Damage,Magnitude distance (km) Felt Intensity Damage
east-west effect,east-west effect
easy access region,easy access region
ebb delta,ebb delta
ebb shoal,ebb shoal
ebb tide,ebb tide
Eccentric,Eccentric
easy access region,easy access region
eccentric dipole,eccentric dipole
ebb current,ebb current
Eccentricity,Eccentricity
echelle spectrograph,echelle spectrograph
Ecliptic,Ecliptic
Eddington approximation,Eddington approximation
echo sounder,echo sounder
Eddington limit,Eddington limit
Eclipse,Eclipse
eclipse year,eclipse year
eclipsing binary,eclipsing binary
Eddington luminosity,Eddington luminosity
Eddington ratio,Eddington ratio
eddy viscosity,eddy viscosity
edge wave,edge wave
effective charge,effective charge
Eddy,Eddy
eddy correlation method,eddy correlation method
effective couplings,effective couplings
eddy diffusivity,eddy diffusivity
eddy flux,eddy flux
Eddy-resolving,Eddy-resolving
effective pressure,effective pressure
effective stress,effective stress
Effluent,Effluent
Eigenray,Eigenray
effective temperature,effective temperature
Eigenvalue,Eigenvalue
eikonal approximation,eikonal approximation
Einstein,Einstein
Einstein–Cartan gravity,Einstein–Cartan gravity
Einstein equations,Einstein equations
Einstein–Rosen bridge,Einstein–Rosen bridge
Einstein summation convention,Einstein summation convention
Einstein tensor,Einstein tensor
Einstein Universe,Einstein Universe
Ekman convergence,Ekman convergence
Ekman layer,Ekman layer
Ejecta,Ejecta
Ekman mass transport,Ekman mass transport
Ekman pumping,Ekman pumping
Elara,Elara
elastic deformation,elastic deformation
Elayer,Elayer
elastic limit,elastic limit
E-layer screening,E-layer screening
elastic lithosphere,elastic lithosphere
elastic modulus,elastic modulus
elastic rebound,elastic rebound
elastic string model,elastic string model
Electra,Electra
electric drift,electric drift
"electric field, parallel","electric field, parallel"
Electroglow,Electroglow
electromagnetic current meter,electromagnetic current meter
electric regime (cosmic string),electric regime (cosmic string)
electromagnetic induction,electromagnetic induction
electromagnetic radiation,electromagnetic radiation
Electromagnetism,Electromagnetism
"electromagnetism, Lorentz transformation and","electromagnetism, Lorentz transformation and"
Electron,Electron
elemental abundances: general,elemental abundances: general
electron precipitation,electron precipitation
elemental abundances: in minerals,elemental abundances: in minerals
electron temperature,electron temperature
elemental abundances: in organics,elemental abundances: in organics
electron volt,electron volt
electrostatic unit,electrostatic unit
Electrovacuum,Electrovacuum
Element,Element
elemental abundances: of comet(s),elemental abundances: of comet(s)
Elevation,Elevation
Ellison scale,Ellison scale
elevation head (sometimes gravitational head) (z),elevation head (sometimes gravitational head) (z)
El Niño,El Niño
Eliassen–Palm (EP) flux,Eliassen–Palm (EP) flux
elliptical galaxies,elliptical galaxies
Elongation,Elongation
Elongation,Elongation
Elves,Elves
Elysium Province,Elysium Province
emerging flux region,emerging flux region
embedded defect,embedded defect
emission line,emission line
emission lines: interstellar and cometary,emission lines: interstellar and cometary
Emissivity,Emissivity
Enceladus,Enceladus
Encke’s comet,Encke’s comet
Endothermic,Endothermic
energetic particles,energetic particles
energetic particles in interplanetary space,energetic particles in interplanetary space
empirical model of the magnetosphere,empirical model of the magnetosphere
Energetic Particle Population in the Heliosphere,Energetic Particle Population in the Heliosphere
Energenergy storm particles,Energenergy storm particles
energy-containing scale,energy-containing scale
Energy,Energy
energy conversion efficiency,energy conversion efficiency
energy grade line,energy grade line
energy-momentum relations — special relativity,energy-momentum relations — special relativity
Enthalpy,Enthalpy
Entrainment,Entrainment
energy per unit length (cosmic string),energy per unit length (cosmic string)
Entropy,Entropy
environmental lapse rate,environmental lapse rate
ephemeristime (ET),ephemeristime (ET)
Eolian,Eolian
Epicenter,Epicenter
epicentral distance,epicentral distance
Eon,Eon
EOP,EOP
Eötvös experiment,Eötvös experiment
Epicycle,Epicycle
Epimetheus,Epimetheus
epeiric sea,epeiric sea
Ephemeris,Ephemeris
Epoch,Epoch
Equant,Equant
equation of continuity,equation of continuity
equation of state of pure water,equation of state of pure water
equation of time,equation of time
Equator,Equator
"equator, geomagnetic (1.)","equator, geomagnetic (1.)"
equatorial anomaly,equatorial anomaly
equation of state,equation of state
equation of state (cosmic string),equation of state (cosmic string)
equatorial bulge,equatorial bulge
equatorial cold tongue,equatorial cold tongue
equatorial easterlies,equatorial easterlies
equatorial convergence zone,equatorial convergence zone
equatorial electrojet,equatorial electrojet
equatorial Kelvin wave,equatorial Kelvin wave
equatorialsurface of the magnetosphere,equatorialsurface of the magnetosphere
equatorial undercurrent,equatorial undercurrent
Equilibrium,Equilibrium
equilibrium beach profile,equilibrium beach profile
equilibrium range,equilibrium range
equatorial upwelling,equatorial upwelling
equatorial waveguide,equatorial waveguide
equatorial waves,equatorial waves
equilibrium space-times,equilibrium space-times
equilibrium tide (gravitational tide),equilibrium tide (gravitational tide)
equilibrium vapor pressure,equilibrium vapor pressure
Eratosthenes,Eratosthenes
Equinox,Equinox
E region,E region
equivalence principle,equivalence principle
Erg,Erg
ergodic motion,ergodic motion
Ergoregion,Ergoregion
Ergs,Ergs
Ernst equation (1967),Ernst equation (1967)
escape velocity,escape velocity
Eskers,Eskers
Erosion,Erosion
Estuary,Estuary
ERP,ERP
ET,ET
Ertel potential vorticity,Ertel potential vorticity
eternal black hole,eternal black hole
Eruption,Eruption
eruptive prominence,eruptive prominence
Eudoxos of Cnidus,Eudoxos of Cnidus
Euler equations,Euler equations
Eulerian,Eulerian
Eulerian coordinates,Eulerian coordinates
Euler potentials,Euler potentials
Eulerian representation,Eulerian representation
Eulerian velocity,Eulerian velocity
"Euler, Leonhard","Euler, Leonhard"
euphotic depth,euphotic depth
euphotic zone,euphotic zone
Euler pole,Euler pole
euphotic zone midpoint,euphotic zone midpoint
Europa,Europa
eustatic sea-level,eustatic sea-level
evening cloud (Mars),evening cloud (Mars)
eutrophic water,eutrophic water
evaporation (E),evaporation (E)
event horizon,event horizon
Evershed effect,Evershed effect
evapotranspiration (ET ),evapotranspiration (ET )
evolutionary track,evolutionary track
exact solution,exact solution
exotic terrane,exotic terrane
excitation temperature,excitation temperature
Expansion,Expansion
Exosphere,Exosphere
expansion of the universe,expansion of the universe
extended object,extended object
extensions of space-times,extensions of space-times
extinction and reddening,extinction and reddening
experimental craters,experimental craters
extratropical storm,extratropical storm
extreme ultraviolet (EUV),extreme ultraviolet (EUV)
extreme ultraviolet imaging telescope (EIT),extreme ultraviolet imaging telescope (EIT)
eye (of a storm),eye (of a storm)
,
,
,
,
,
,
F1-layer,F1-layer
F2-layer,F2-layer
Fading,Fading
Faber–Jackson law,Faber–Jackson law
failed arm,failed arm
faint young sun paradox,faint young sun paradox
Falkland current,Falkland current
Fallout,Fallout
Facula,Facula
fall speed (velocity),fall speed (velocity)
fast magnetohydrodynamic shock,fast magnetohydrodynamic shock
Fanaroff–Riley (FR) class I and II radio galaxies,Fanaroff–Riley (FR) class I and II radio galaxies
Faraday Cup,Faraday Cup
Faraday effect,Faraday effect
Faraday rotation,Faraday rotation
fast shock wave,fast shock wave
fast solar wind,fast solar wind
Fata Morgana,Fata Morgana
Fathom,Fathom
fault parameter,fault parameter
fault plane solution,fault plane solution
Fault,Fault
fault constitutive law,fault constitutive law
fault gouge,fault gouge
fault scarp,fault scarp
F corona,F corona
Ferrel cell,Ferrel cell
feeder beach,feeder beach
fertile mantle,fertile mantle
Fetch,Fetch
FG Sagittae star,FG Sagittae star
Fibril,Fibril
Feldspar,Feldspar
Fermat’s principle,Fermat’s principle
Fermion,Fermion
FG Sagittae star,FG Sagittae star
Fibril,Fibril
Fickian flux (Fick’s law),Fickian flux (Fick’s law)
fermionic zero mode,fermionic zero mode
Fick’s second law,Fick’s second law
Field,Field
field of view,field of view
field capacity (θf c),field capacity (θf c)
field ordering,field ordering
field line motion,field line motion
figure of the Earth,figure of the Earth
Filament,Filament
filament channel,filament channel
filter layer,filter layer
Finestructure,Finestructure
Fingering,Fingering
finger regime,finger regime
finite amplitude wave,finite amplitude wave
finite difference,finite difference
first fundamental form,first fundamental form
first integral,first integral
finite element method,finite element method
first law of thermodynamics,first law of thermodynamics
first order phase transitions,first order phase transitions
Fireball,Fireball
firehose instability,firehose instability
first-order wave theory,first-order wave theory
Fjord,Fjord
FK Comae stars,FK Comae stars
Flare,Flare
Flare Classification,Flare Classification
flare electromagnetic radiation,flare electromagnetic radiation
flaring angle,flaring angle
"flat field, sky flat, dome flat","flat field, sky flat, dome flat"
flare star,flare star
flattening of the Earth,flattening of the Earth
flat universe,flat universe
Florida current,Florida current
Flexure,Flexure
flow regime,flow regime
floating breakwater,floating breakwater
Fluence,Fluence
Flocculation,Flocculation
Fluorescence,Fluorescence
flood current,flood current
flood delta,flood delta
flutter fading,flutter fading
Fluvial,Fluvial
flood shoal,flood shoal
flood tide,flood tide
Flora,Flora
Flux,Flux
flux density,flux density
Fluxgate,Fluxgate
"flux, magnetic","flux, magnetic"
"flux, particle","flux, particle"
flux tube,flux tube
flux tube volume,flux tube volume
fly’s eye,fly’s eye
flux Richardson number,flux Richardson number
Fluxrope,Fluxrope
Fluxtube,Fluxtube
flywheel effect,flywheel effect
focal length,focal length
focal mechanisms,focal mechanisms
Focus,Focus
Focusing,Focusing
Foehn,Foehn
focused transport equation,focused transport equation
Fog,Fog
Folds,Folds
forbidden orbits,forbidden orbits
forbidden region,forbidden region
following spot,following spot
Fomalhaut,Fomalhaut
forbidden lines,forbidden lines
Forbush decrease,Forbush decrease
Force,Force
force balance,force balance
force-free magnetic field,force-free magnetic field
forecasting (wave),forecasting (wave)
Foreshock,Foreshock
Foreshore,Foreshore
Forchhammer’s Principle,Forchhammer’s Principle
forearc basin,forearc basin
forearc sliver,forearc sliver
Foucault pendulum,Foucault pendulum
Four-velocity,Four-velocity
Fragmentation,Fragmentation
f-plane approximation,f-plane approximation
frame dragging,frame dragging
Fractal,Fractal
Fractionation,Fractionation
Fracture,Fracture
fracture zone,fracture zone
free-bound continuum emission,free-bound continuum emission
Fraunhofer lines,Fraunhofer lines
free convection,free convection
free-air correction,free-air correction
free-air gravity anomaly,free-air gravity anomaly
free atmosphere,free atmosphere
free bodies,free bodies
free-free continuum emission,free-free continuum emission
free oscillations,free oscillations
Freeze,Freeze
F region,F region
frequency of optimum traffic (FOT),frequency of optimum traffic (FOT)
Fresnel reflectance,Fresnel reflectance
Fresnel zone,Fresnel zone
fretted channels,fretted channels
Friction,Friction
friction factor,friction factor
fretted terrain,fretted terrain
friction slope,friction slope
friction velocity,friction velocity
"Friedmann, Aleksandr Aleksandrovich","Friedmann, Aleksandr Aleksandrovich"
Friedmann–Lemaître cosmological models,Friedmann–Lemaître cosmological models
fringe (interference),fringe (interference)
Front,Front
Frontogenesis,Frontogenesis
frozen flux,frozen flux
frost point,frost point
Froude number,Froude number
“frozen-in” magnetic field,“frozen-in” magnetic field
frozen field approximation,frozen field approximation
fulvic substance,fulvic substance
fundamental tensors of a worldsheet,fundamental tensors of a worldsheet
F star,F star
Fukushima’s theorem,Fukushima’s theorem
fundamental tensors of a worldsheet,fundamental tensors of a worldsheet
fully arisen sea,fully arisen sea
fully rough flow,fully rough flow
future/past causal horizon,future/past causal horizon
future/past event horizon,future/past event horizon
,
,
,
,
Gabbro,Gabbro
galactic bulge,galactic bulge
galactic cluster,galactic cluster
galactic disk,galactic disk
galactic coordinates,galactic coordinates
galactic globular cluster,galactic globular cluster
galactic noise,galactic noise
Galacticwind,Galacticwind
galaxy (1.),galaxy (1.)
Galatea,Galatea
"galaxies, classification of","galaxies, classification of"
Galilean invariance,Galilean invariance
Galilean relativity,Galilean relativity
Galiliean satellite,Galiliean satellite
Galilean transformation,Galilean transformation
Galiliean satellite,Galiliean satellite
Gallium,Gallium
"Galilei, Galileo","Galilei, Galileo"
Gamma,Gamma
Galileo spacecraft,Galileo spacecraft
γ -ray,γ -ray
gamma ray burst (GRB),gamma ray burst (GRB)
"gamma-ray burst, classification","gamma-ray burst, classification"
"gamma-ray burst, black hole accretion disks","gamma-ray burst, black hole accretion disks"
"gamma-ray burst, cosmological mechanisms","gamma-ray burst, cosmological mechanisms"
"gamma-ray burst, classical","gamma-ray burst, classical"
"gamma-ray burst, fireball","gamma-ray burst, fireball"
"gamma-ray burst, magnetic fields","gamma-ray burst, magnetic fields"
"gamma-ray burst, galactic mechanisms","gamma-ray burst, galactic mechanisms"
"gamma-ray burst, mechanisms","gamma-ray burst, mechanisms"
"gamma-ray burst, GRB 970508","gamma-ray burst, GRB 970508"
"gamma-ray burst, hypernova","gamma-ray burst, hypernova"
"gamma-ray burst models, collapsar","gamma-ray burst models, collapsar"
"gamma-ray burst models, helium merger","gamma-ray burst models, helium merger"
Ganymede,Ganymede
garden hose angle,garden hose angle
gas constant,gas constant
"gamma-ray burst models, merging compact objects","gamma-ray burst models, merging compact objects"
gaseous shocks,gaseous shocks
"gamma-ray burst, soft gamma-ray repeaters","gamma-ray burst, soft gamma-ray repeaters"
gas thermometer,gas thermometer
Gauge,Gauge
gauge pressure,gauge pressure
Gauss,Gauss
Gauss–Bonnet topological invariant,Gauss–Bonnet topological invariant
Gegenschein,Gegenschein
Gelbstoff,Gelbstoff
Gauss coefficients,Gauss coefficients
general circulation model (GCM),general circulation model (GCM)
general relativity,general relativity
GEO,GEO
Geocentric,Geocentric
geocentric coordinate time,geocentric coordinate time
geocentric latitude,geocentric latitude
Geocorona,Geocorona
Geodesic,Geodesic
geodesic completeness,geodesic completeness
Geodesy,Geodesy
geodetic latitude,geodetic latitude
Geoid,Geoid
geoid anomalies,geoid anomalies
geomagnetic activity,geomagnetic activity
Geodynamics,Geodynamics
Geodynamo,Geodynamo
geomagnetic dip equator,geomagnetic dip equator
Geographus,Geographus
geomagnetic disturbance,geomagnetic disturbance
geomagnetic elements,geomagnetic elements
geomagnetic indices,geomagnetic indices
geomagnetic jerk,geomagnetic jerk
geomagnetic field,geomagnetic field
geomagnetic potential,geomagnetic potential
geomagnetic storm,geomagnetic storm
Geophysics,Geophysics
Geopotential,Geopotential
geopotential surface,geopotential surface
Geometrodynamics,Geometrodynamics
Geospace,Geospace
geostrophic adjustment,geostrophic adjustment
Geostrophy,Geostrophy
Geosynchronous Operational Environmental Satellites (GOES),Geosynchronous Operational Environmental Satellites (GOES)
geosynchronous orbit,geosynchronous orbit
Geotherm,Geotherm
geothermal energy,geothermal energy
geostrophic approximation,geostrophic approximation
geostrophic balance,geostrophic balance
geothermal gradient,geothermal gradient
Geroch group,Geroch group
giant cells,giant cells
Geroch–Hansen moments (1974),Geroch–Hansen moments (1974)
giant planet,giant planet
Gershun’s law,Gershun’s law
Gilvin,Gilvin
Gershun tube,Gershun tube
Ginzburg temperature,Ginzburg temperature
Gershun tube,Gershun tube
GeV,GeV
giant branch,giant branch
Glaciation,Glaciation
Glacial,Glacial
global positioning system (GPS),global positioning system (GPS)
Glacier,Glacier
global seismology,global seismology
global loop oscillation,global loop oscillation
globally hyperbolic space-time,globally hyperbolic space-time
global thermohaline circulation,global thermohaline circulation
Goldstone model,Goldstone model
global topological defect,global topological defect
globular cluster,globular cluster
GMT,GMT
Gnomon,Gnomon
"Goddard, Robert H.","Goddard, Robert H."
Goldberg–Sachs theorem (1962),Goldberg–Sachs theorem (1962)
Goldstone theorem,Goldstone theorem
Goldstone boson,Goldstone boson
GRACE (Gravity Recovery and Climate Experiment),GRACE (Gravity Recovery and Climate Experiment)
Gondwanaland,Gondwanaland
Goto–Nambu string,Goto–Nambu string
Gradient,Gradient
gradient drift,gradient drift
gradient Richardson number Ri,gradient Richardson number Ri
gradual commencement storm,gradual commencement storm
GPS,GPS
Graben,Graben
gradual flare,gradual flare
Grad–Vasyliunas theorem,Grad–Vasyliunas theorem
grain-boundary migration,grain-boundary migration
grain-boundary sliding,grain-boundary sliding
gradually varied flow,gradually varied flow
grain chemistry: dense interstellar,grain chemistry: dense interstellar
grain chemistry: diffuse interstellar,grain chemistry: diffuse interstellar
grains: in other galaxies,grains: in other galaxies
grain size,grain size
grain size analysis,grain size analysis
grand potential,grand potential
grand unification,grand unification
"grains, interstellar: destruction and formation","grains, interstellar: destruction and formation"
"grains, interstellar: size and composition","grains, interstellar: size and composition"
Granulation,Granulation
grating spectrograph,grating spectrograph
gravitational collapse,gravitational collapse
gravitational constant G,gravitational constant G
gravitational deflection of light,gravitational deflection of light
Gravitation,Gravitation
gravitational equations,gravitational equations
gravitational instability,gravitational instability
gravitational multipole moments,gravitational multipole moments
gravitational lens,gravitational lens
gravitational perturbations,gravitational perturbations
gravitational potential,gravitational potential
gravitational radius,gravitational radius
gravitational redshift,gravitational redshift
Graviton,Graviton
gravitational wave,gravitational wave
Gravity,Gravity
Gravitywave,Gravitywave
grazing incidence optics,grazing incidence optics
Great Attractor,Great Attractor
gravity anomaly,gravity anomaly
gravity assist,gravity assist
Great Red Spot,Great Red Spot
great salinity anomaly (GSA),great salinity anomaly (GSA)
greenhouse gases,greenhouse gases
green line,green line
Green’s theorem,Green’s theorem
Greenhouse Effect,Greenhouse Effect
Green’s theorem,Green’s theorem
Greenwich mean (solar) time (GMT),Greenwich mean (solar) time (GMT)
Greenwich sidereal date (GSD),Greenwich sidereal date (GSD)
Gregorian,Gregorian
Grism,Grism
Gregorian calendar,Gregorian calendar
Greisen–Kuzmin–Zatsepin cutoff,Greisen–Kuzmin–Zatsepin cutoff
Groin,Groin
gross photosynthetic rate,gross photosynthetic rate
ground level event (GLE),ground level event (GLE)
ground stroke,ground stroke
guiding center approximation (GCA),guiding center approximation (GCA)
Groundwater,Groundwater
group velocity,group velocity
growing season,growing season
GSD,GSD
G star,G star
Guiana current,Guiana current
guiding center,guiding center
gulf stream,gulf stream
Gunn–Peterson bound,Gunn–Peterson bound
Guyot,Guyot
Gyrofrequency,Gyrofrequency
GUT,GUT
Guttenberg–Richter relation,Guttenberg–Richter relation
Gyroradius,Gyroradius
,
,
,
,
Hadley (cell) circulation,Hadley (cell) circulation
Hale cycle,Hale cycle
Hadley cell,Hadley cell
Hale–Nicholson Polarity Law,Hale–Nicholson Polarity Law
Halley’s comet,Halley’s comet
Hadron,Hadron
Halo,Halo
Hail,Hail
Halocline,Halocline
Hailstone,Hailstone
Hα condensation,Hα condensation
Hα radiation,Hα radiation
Hamiltonian,Hamiltonian
Hamiltonian and momentum constraints in general relativity,Hamiltonian and momentum constraints in general relativity
Hamilton–Jacobi Theory,Hamilton–Jacobi Theory
hard freeze,hard freeze
hard radiation,hard radiation
Hard X-ray Telescope (HXT),Hard X-ray Telescope (HXT)
harmonic analysis,harmonic analysis
harmonic model,harmonic model
heat flow density,heat flow density
heat flux,heat flux
"Heaviside, Oliver (1850–1925)","Heaviside, Oliver (1850–1925)"
heat capacity,heat capacity
heat flow,heat flow
heliacal rising,heliacal rising
Helicity,Helicity
heavy minerals,heavy minerals
Hebe,Hebe
Heliocentric,Heliocentric
hedgehog configuration,hedgehog configuration
Heliopause,Heliopause
Helene,Helene
Helioseismology,Helioseismology
Heliosheath,Heliosheath
Helios mission,Helios mission
heliospheric magnetic field,heliospheric magnetic field
Heliosphere,Heliosphere
heliospheric current sheet (HCS),heliospheric current sheet (HCS)
heliospheric termination shock,heliospheric termination shock
heliospheric stream structure,heliospheric stream structure
Helium,Helium
Helmholtz free energy (free energy),Helmholtz free energy (free energy)
helium burning,helium burning
helium flash,helium flash
Helmholtz theorem,Helmholtz theorem
Henyey–Greenstein scattering phase function,Henyey–Greenstein scattering phase function
Herbig Ae/Be star,Herbig Ae/Be star
helmet streamer,helmet streamer
Herbig–Haro object,Herbig–Haro object
Higgs mechanism,Higgs mechanism
herringbone burst,herringbone burst
Hertz (Hz),Hertz (Hz)
Hertzsprung Gap,Hertzsprung Gap
higher derivative theories,higher derivative theories
Hertzsprung–Russell diagram,Hertzsprung–Russell diagram
"highlands, lunar","highlands, lunar"
high-pressure and high-temperature experiment,high-pressure and high-temperature experiment
Hesperian,Hesperian
HI 21-cm line,HI 21-cm line
hindcasting (wave),hindcasting (wave)
historical climate,historical climate
Hoarfrost,Hoarfrost
HI region,HI region
HI I region,HI I region
Holmberg radius,Holmberg radius
Homogeneity,Homogeneity
Himalia,Himalia
homologous flares,homologous flares
homologoustemperature (T /Tm),homologoustemperature (T /Tm)
Homothety,Homothety
homotopy group,homotopy group
hopper dredge,hopper dredge
Horizon,Horizon
horizontal branch star,horizontal branch star
hot towers,hot towers
hour angle,hour angle
horse latitudes,horse latitudes
Horst,Horst
HR (Hertzsprung–Russell) or color-magnitude diagram,HR (Hertzsprung–Russell) or color-magnitude diagram
hot dark matter,hot dark matter
hot spot (1.),hot spot (1.)
Hubble diagram,Hubble diagram
Hubble parameter (Hubble constant),Hubble parameter (Hubble constant)
Hubble deep field,Hubble deep field
Hubble radius,Hubble radius
Hubble–Reynolds law,Hubble–Reynolds law
Hubble’s law,Hubble’s law
Hubble sequence,Hubble sequence
Hubble space telescope (HST),Hubble space telescope (HST)
Hubble time,Hubble time
hydraulic head (piezometric head),hydraulic head (piezometric head)
humic substance,humic substance
Hurricane,Hurricane
hydraulic conductivity (K),hydraulic conductivity (K)
Huygens principle,Huygens principle
Hyades,Hyades
hybrid topological defect,hybrid topological defect
hydraulic depth,hydraulic depth
hydraulic-fracturing method,hydraulic-fracturing method
hydraulic transmissivity,hydraulic transmissivity
hydraulic gradient (dh/dl),hydraulic gradient (dh/dl)
Hydrodynamic,Hydrodynamic
hydraulic head (h),hydraulic head (h)
hydrodynamic instability,hydrodynamic instability
Hydrogen,Hydrogen
hydraulic jump,hydraulic jump
hydrogen burning,hydrogen burning
hydraulic radius,hydraulic radius
hydraulic routing,hydraulic routing
Hydromagnetics,Hydromagnetics
hydromagnetic shock wave,hydromagnetic shock wave
Hydrograph,Hydrograph
hydrographic survey,hydrographic survey
hydrologic equation,hydrologic equation
Hydromagnetic,Hydromagnetic
hydromagnetic turbulence,hydromagnetic turbulence
hydromagnetic wave,hydromagnetic wave
Hydrosphere,Hydrosphere
Hydrostatic,Hydrostatic
hydrostatic approximation,hydrostatic approximation
hydrostatic equation,hydrostatic equation
hydrostatic pressure,hydrostatic pressure
Hygiea,Hygiea
Hygrometer,Hygrometer
Hyperion,Hyperion
Hypersonic,Hypersonic
hydrostatic equilibrium,hydrostatic equilibrium
Hysteresis,Hysteresis
,
,
,
,
Iapetus,Iapetus
